order_id,algorithm,time_taken (s),score (max_z),packing_score,fulfillment (%),volume_util (%),area_usage_z0 (%),cog_z,nodes,pruned_rule1,pruned_rule4,pruned_filt1,pruned_filt2,pruned_filt5,total_pruned
2400,BFD,1.0025,460,0.803,100.0,64.76,90.83,174.8,10518,,,,,,
2400,BNB,488.8277,390,0.87,100.0,76.39,90.61,168.0,43609,10756.0,1539.0,11129.0,101797.0,1504006.0,1629227.0
2400,FFD,0.0439,1365,0.244,100.0,21.83,26.59,601.64,997,,,,,,
2400,RANDOM,0.049,1285,0.316,100.0,23.18,59.63,407.88,452,,,,,,
2401,BFD,1.148,400,0.848,100.0,72.3,94.5,165.4,9330,,,,,,
2401,BNB,141.7156,349,0.929,100.0,82.86,95.86,153.27,17205,6723.0,1301.0,5204.0,23436.0,630801.0,667465.0
2401,FFD,0.029,1399,0.225,100.0,20.67,23.63,637.78,616,,,,,,
2401,RANDOM,2.5699,452,0.188,45.83,13.9,36.79,146.28,26174,,,,,,
2402,BFD,1.1188,410,0.815,100.0,67.82,91.02,163.64,11538,,,,,,
2402,BNB,2630.985,330,0.921,100.0,84.26,94.77,149.57,247808,60642.0,13121.0,76248.0,546029.0,8499651.0,9195691.0
2402,FFD,0.0341,1371,0.228,100.0,20.28,24.95,599.07,727,,,,,,
2402,RANDOM,1.0387,1335,0.212,75.0,16.55,41.81,481.03,12854,,,,,,
2403,BFD,1.2716,455,0.784,100.0,60.84,92.31,161.89,12930,,,,,,
2403,BNB,2855.617,346,0.875,100.0,80.01,91.16,156.8,222225,29473.0,8346.0,45173.0,654542.0,8407263.0,9144797.0
2403,FFD,0.0276,1365,0.217,100.0,20.28,23.56,633.32,538,,,,,,
2403,RANDOM,0.0369,1302,0.275,100.0,21.26,42.91,459.54,347,,,,,,
2404,BFD,1.1911,280,0.75,100.0,70.99,78.37,132.05,12492,,,,,,
2404,BNB,23.2351,254,0.868,100.0,78.26,88.86,113.19,2553,725.0,125.0,650.0,5232.0,79824.0,86556.0
2404,FFD,0.0678,1396,0.165,100.0,14.24,17.97,586.15,1561,,,,,,
2404,RANDOM,0.0712,1345,0.184,100.0,14.78,36.79,507.58,666,,,,,,
2405,BFD,0.9902,500,0.76,100.0,57.98,94.54,172.12,9480,,,,,,
2405,BNB,1963.3114,350,0.909,100.0,82.82,92.96,157.97,195628,74089.0,15122.0,53259.0,283058.0,5445576.0,5871104.0
2405,FFD,0.0304,1365,0.236,100.0,21.24,26.64,605.24,567,,,,,,
2405,RANDOM,0.0561,1093,0.342,100.0,26.52,48.7,389.09,519,,,,,,
2406,BFD,0.7332,403,0.854,100.0,76.56,88.67,178.21,8088,,,,,,
2406,BNB,69.9782,0,0.0,0.0,,0.0,-1.0,5390,248.0,21.0,961.0,19259.0,171243.0,191732.0
2406,FFD,0.0199,1395,0.241,100.0,22.12,25.79,634.37,731,,,,,,
2406,RANDOM,0.0647,1308,0.276,100.0,23.59,42.91,542.69,1717,,,,,,
2407,BFD,1.4134,420,0.835,100.0,71.42,93.65,174.41,10896,,,,,,
2407,BNB,137.5056,335,0.929,100.0,89.54,94.17,161.3,16151,6906.0,1520.0,6700.0,15594.0,368558.0,399278.0
2407,FFD,0.0355,1375,0.245,100.0,21.82,27.5,603.85,764,,,,,,
2407,RANDOM,1.4241,1400,0.187,62.5,14.88,35.09,521.19,19069,,,,,,
2408,BFD,0.9308,350,0.845,100.0,74.05,89.94,150.28,15156,,,,,,
2408,BNB,209.3741,330,0.9,100.0,78.54,94.26,140.98,25756,10581.0,2090.0,6875.0,32739.0,588565.0,640850.0
2408,FFD,0.0318,1371,0.204,100.0,18.9,21.15,633.01,709,,,,,,
2408,RANDOM,1.8037,510,0.31,62.5,26.71,31.39,214.19,18226,,,,,,
2409,BFD,0.9701,420,0.739,100.0,55.64,91.01,141.07,8610,,,,,,
2409,BNB,2.8732,300,0.861,100.0,77.9,88.5,134.23,237,81.0,9.0,77.0,396.0,7976.0,8539.0
2409,FFD,0.0238,1396,0.191,100.0,16.74,21.24,601.51,604,,,,,,
2409,RANDOM,1.4218,782,0.19,70.83,13.93,42.93,247.41,14206,,,,,,
2410,BFD,1.4379,325,0.829,100.0,74.66,83.15,144.54,11742,,,,,,
2410,BNB,136.4967,280,0.915,100.0,86.66,92.4,132.26,13919,3139.0,1929.0,5028.0,25238.0,404460.0,439794.0
2410,FFD,0.0306,1380,0.184,100.0,17.58,18.54,657.5,499,,,,,,
2410,RANDOM,0.1177,1372,0.232,100.0,17.69,40.65,474.05,1105,,,,,,
2411,BFD,1.2148,350,0.861,100.0,74.85,92.21,148.62,11262,,,,,,
2411,BNB,334.3006,300,0.919,100.0,87.33,92.68,142.13,42523,18138.0,4026.0,12988.0,46149.0,923599.0,1004900.0
2411,FFD,0.0369,1399,0.211,100.0,18.73,24.23,611.09,878,,,,,,
2411,RANDOM,0.128,1376,0.255,100.0,19.04,50.65,454.1,1486,,,,,,
2412,BFD,1.2803,460,0.868,100.0,72.73,93.54,185.61,10122,,,,,,
2412,BNB,229.1103,430,0.893,100.0,77.8,95.19,183.32,17582,4153.0,1218.0,6514.0,36874.0,565801.0,614560.0
2412,FFD,0.0243,1385,0.265,100.0,24.16,28.86,624.33,512,,,,,,
2412,RANDOM,2.646,570,0.275,45.83,21.43,38.01,204.65,26198,,,,,,
2413,BFD,1.4887,420,0.834,100.0,68.71,95.22,165.03,12570,,,,,,
2413,BNB,320.1014,333,0.925,100.0,86.66,94.83,155.2,34026,14274.0,2198.0,15497.0,38167.0,955476.0,1025612.0
2413,FFD,0.0358,1375,0.233,100.0,20.99,23.19,612.64,709,,,,,,
2413,RANDOM,0.0901,1373,0.247,100.0,21.02,38.95,566.12,1100,,,,,,
2414,BFD,0.9756,246,0.783,100.0,67.85,81.12,104.09,8982,,,,,,
2414,BNB,4.7538,220,0.852,100.0,75.87,87.78,96.43,374,60.0,2.0,72.0,1099.0,19740.0,20973.0
2414,FFD,0.0293,1396,0.131,100.0,11.96,14.65,633.76,855,,,,,,
2414,RANDOM,0.0877,826,0.268,100.0,20.21,46.87,278.14,822,,,,,,
2415,BFD,0.8191,466,0.868,100.0,76.51,91.75,201.72,6060,,,,,,
2415,BNB,66.2416,440,0.896,100.0,81.03,93.13,196.76,6073,2034.0,437.0,1488.0,10399.0,157493.0,171851.0
2415,FFD,0.0238,1400,0.283,100.0,25.47,29.32,623.18,361,,,,,,
2415,RANDOM,0.0497,1400,0.301,100.0,25.47,43.56,573.51,482,,,,,,
2416,BFD,0.7446,415,0.823,100.0,76.17,85.01,190.77,5298,,,,,,
2416,BNB,569.7301,380,0.904,100.0,83.18,92.3,173.53,66042,29638.0,6008.0,15110.0,70723.0,1299410.0,1420889.0
2416,FFD,0.0337,1365,0.262,100.0,23.16,30.92,593.39,593,,,,,,
2416,RANDOM,3.2727,570,0.211,29.17,15.48,32.46,180.88,34049,,,,,,
2417,BFD,1.0987,430,0.819,100.0,69.76,88.68,177.64,11052,,,,,,
2417,BNB,1681.0776,390,0.907,100.0,76.92,95.83,160.12,195637,88638.0,18289.0,34745.0,213083.0,4670384.0,5025139.0
2417,FFD,0.0291,1400,0.234,100.0,21.43,24.52,637.18,611,,,,,,
2417,RANDOM,0.0609,1336,0.301,100.0,22.45,49.29,441.21,665,,,,,,
2418,BFD,0.6512,401,0.867,100.0,75.05,91.26,169.4,5292,,,,,,
2418,BNB,1114.6379,396,0.873,100.0,76.0,91.21,168.6,91935,16716.0,1597.0,14198.0,261937.0,2566409.0,2860857.0
2418,FFD,0.0297,1365,0.239,100.0,22.05,25.06,624.15,637,,,,,,
2418,RANDOM,0.0453,1347,0.279,100.0,22.34,35.62,504.87,430,,,,,,
2419,BFD,0.7216,460,0.859,100.0,71.91,90.33,185.28,4572,,,,,,
2419,BNB,30.9446,445,0.853,100.0,74.34,91.63,189.71,3018,834.0,449.0,1019.0,4613.0,95858.0,102773.0
2419,FFD,0.0329,1375,0.267,100.0,24.06,28.65,610.9,560,,,,,,
2419,RANDOM,0.0837,1393,0.287,100.0,23.75,36.36,551.95,947,,,,,,
2420,BFD,1.0457,420,0.873,100.0,71.58,96.74,163.99,9282,,,,,,
2420,BNB,24.9834,335,0.921,100.0,89.74,92.52,163.12,3305,1437.0,298.0,1558.0,2932.0,70507.0,76732.0
2420,FFD,0.0299,1395,0.242,100.0,21.55,28.32,611.1,675,,,,,,
2420,RANDOM,0.0606,1380,0.259,100.0,21.78,39.27,560.78,645,,,,,,
2421,BFD,0.9089,410,0.816,100.0,68.91,90.27,167.16,9336,,,,,,
2421,BNB,3206.3476,390,0.829,100.0,72.44,86.35,166.83,272818,55261.0,9408.0,61100.0,706782.0,9482335.0,10314886.0
2421,FFD,0.0575,1365,0.233,100.0,20.7,24.14,596.38,1447,,,,,,
2421,RANDOM,0.0494,1285,0.276,100.0,21.99,35.62,478.02,506,,,,,,
2422,BFD,0.8805,348,0.859,100.0,74.54,91.02,147.55,11082,,,,,,
2422,BNB,48.1668,300,0.919,100.0,86.47,92.64,140.5,6872,2940.0,708.0,2277.0,6896.0,129428.0,142249.0
2422,FFD,0.0252,1383,0.202,100.0,18.76,21.54,639.53,613,,,,,,
2422,RANDOM,0.0695,1371,0.26,100.0,18.92,58.53,430.17,686,,,,,,
2423,BFD,0.9378,420,0.859,100.0,71.47,93.6,167.5,6360,,,,,,
2423,BNB,1.7302,0,0.0,0.0,,0.0,-1.0,95,4.0,2.0,41.0,314.0,2260.0,2621.0
2423,FFD,0.0345,1400,0.234,100.0,21.44,24.33,636.24,598,,,,,,
2423,RANDOM,1.035,1400,0.179,75.0,14.85,29.22,558.28,12629,,,,,,
2424,BFD,1.3423,360,0.818,100.0,69.56,86.91,148.25,13476,,,,,,
2424,BNB,741.7703,300,0.915,100.0,83.48,93.42,135.53,66227,15417.0,4803.0,21046.0,142732.0,2118553.0,2302551.0
2424,FFD,0.0407,1385,0.2,100.0,18.08,23.74,617.69,808,,,,,,
2424,RANDOM,0.0862,1378,0.229,100.0,18.17,41.46,508.45,842,,,,,,
2425,BFD,0.9193,455,0.819,100.0,66.23,94.52,173.65,9624,,,,,,
2425,BNB,115.1708,335,0.939,100.0,89.95,95.3,160.22,16164,7862.0,921.0,5363.0,15303.0,341657.0,371106.0
2425,FFD,0.0255,1395,0.227,100.0,21.6,22.63,661.14,547,,,,,,
2425,RANDOM,0.0721,1370,0.242,100.0,21.99,28.88,615.99,823,,,,,,
2426,BFD,1.2686,300,0.881,100.0,73.52,93.29,120.32,14724,,,,,,
2426,BNB,88.8644,270,0.884,100.0,81.69,89.74,123.93,7066,620.0,114.0,2269.0,22275.0,430080.0,455358.0
2426,FFD,0.0202,1396,0.173,100.0,15.8,18.16,632.51,514,,,,,,
2426,RANDOM,1.633,502,0.231,66.67,18.59,38.46,189.62,16271,,,,,,
2427,BFD,1.04,322,0.881,100.0,77.47,90.5,138.83,9000,,,,,,
2427,BNB,47.1501,300,0.913,100.0,83.15,93.42,135.37,4923,1823.0,228.0,2572.0,6800.0,159401.0,170824.0
2427,FFD,0.0273,1399,0.191,100.0,17.83,20.45,648.62,587,,,,,,
2427,RANDOM,0.0627,1253,0.267,100.0,19.91,50.73,411.21,560,,,,,,
2428,BFD,1.1457,420,0.855,100.0,70.28,96.44,164.64,8742,,,,,,
2428,BNB,48.2704,333,0.918,100.0,88.64,92.1,160.61,6486,3228.0,399.0,2379.0,5355.0,140205.0,151566.0
2428,FFD,0.0293,1400,0.238,100.0,21.08,27.14,608.73,494,,,,,,
2428,RANDOM,0.0736,1373,0.279,100.0,21.5,45.7,482.56,761,,,,,,
2429,BFD,1.1674,420,0.858,100.0,73.59,95.36,175.04,8430,,,,,,
2429,BNB,4.5765,380,0.902,100.0,81.34,93.52,169.24,352,66.0,13.0,185.0,813.0,9919.0,10996.0
2429,FFD,0.0317,1380,0.25,100.0,22.4,26.71,610.07,587,,,,,,
2429,RANDOM,0.1017,1355,0.277,100.0,22.81,36.27,532.57,1059,,,,,,
2430,BFD,1.3388,350,0.864,100.0,76.65,91.48,152.76,12834,,,,,,
2430,BNB,414.5481,310,0.946,100.0,86.54,95.74,140.63,57474,28008.0,4887.0,11970.0,53301.0,1096200.0,1194366.0
2430,FFD,0.0363,1385,0.214,100.0,19.37,24.23,620.06,876,,,,,,
2430,RANDOM,0.7221,1309,0.214,91.67,17.96,34.52,529.74,7628,,,,,,
2431,BFD,1.4168,330,0.882,100.0,73.49,95.8,132.06,14406,,,,,,
2431,BNB,38.3897,280,0.924,100.0,86.61,94.16,130.58,4965,1920.0,330.0,1421.0,7084.0,137717.0,148472.0
2431,FFD,0.0242,1399,0.194,100.0,17.34,22.01,616.08,683,,,,,,
2431,RANDOM,0.4175,1373,0.197,91.67,15.77,34.6,517.62,6497,,,,,,
2432,BFD,1.0585,280,0.857,100.0,75.46,88.65,121.06,11034,,,,,,
2432,BNB,3.4491,262,0.888,100.0,80.65,89.68,117.79,325,115.0,18.0,130.0,500.0,10307.0,11070.0
2432,FFD,0.0305,1400,0.164,100.0,15.09,16.92,641.29,631,,,,,,
2432,RANDOM,0.6005,1397,0.16,87.5,13.45,34.28,565.8,8009,,,,,,
2433,BFD,1.3842,420,0.83,100.0,69.69,90.48,169.93,12426,,,,,,
2433,BNB,11.9713,350,0.929,100.0,83.63,95.55,155.52,1563,697.0,180.0,523.0,1309.0,29970.0,32679.0
2433,FFD,0.0353,1375,0.239,100.0,21.29,26.41,603.04,792,,,,,,
2433,RANDOM,0.0961,1365,0.285,100.0,21.44,45.32,458.27,1095,,,,,,
2434,BFD,1.361,420,0.863,100.0,72.71,95.14,170.62,11022,,,,,,
2434,BNB,72.5388,360,0.914,100.0,84.83,93.7,166.05,8540,3351.0,1253.0,2905.0,8210.0,183867.0,199586.0
2434,FFD,0.0245,1400,0.236,100.0,21.81,25.09,642.64,454,,,,,,
2434,RANDOM,1.0922,1400,0.212,75.0,16.53,36.16,500.24,12977,,,,,,
2435,BFD,0.8614,413,0.881,100.0,74.47,93.8,168.85,8754,,,,,,
2435,BNB,1032.1045,350,0.949,100.0,87.88,96.59,160.93,83728,17301.0,1870.0,21145.0,217832.0,2501340.0,2759488.0
2435,FFD,0.0395,1365,0.255,100.0,22.53,27.9,591.16,709,,,,,,
2435,RANDOM,1.8004,1350,0.157,54.17,12.98,35.92,531.72,22558,,,,,,
2436,BFD,1.7271,460,0.841,100.0,66.52,96.02,169.11,14244,,,,,,
2436,BNB,576.5379,385,0.885,100.0,79.48,91.29,170.55,56203,18321.0,3816.0,17532.0,96540.0,1734419.0,1870628.0
2436,FFD,0.0281,1375,0.238,100.0,22.25,23.89,641.06,620,,,,,,
2436,RANDOM,0.8615,1156,0.262,83.33,19.5,48.35,378.29,10094,,,,,,
2437,BFD,1.3385,280,0.875,100.0,78.39,91.06,123.78,13332,,,,,,
2437,BNB,36.0485,266,0.89,100.0,82.51,91.26,122.46,3436,1078.0,151.0,844.0,6700.0,106653.0,115426.0
2437,FFD,0.0329,1371,0.174,100.0,16.01,19.1,624.54,719,,,,,,
2437,RANDOM,0.0603,1003,0.298,100.0,21.88,51.13,320.73,569,,,,,,
2438,BFD,0.9522,330,0.891,100.0,77.65,95.43,140.57,6402,,,,,,
2438,BNB,2.8762,330,0.872,100.0,77.65,92.12,144.61,311,113.0,26.0,102.0,447.0,6513.0,7201.0
2438,FFD,0.0284,1399,0.195,100.0,18.32,21.38,653.93,663,,,,,,
2438,RANDOM,0.4787,1400,0.18,87.5,15.01,40.74,562.73,6665,,,,,,
2439,BFD,1.3586,500,0.829,100.0,71.19,88.0,208.97,8208,,,,,,
2439,BNB,255.0638,433,0.888,100.0,82.2,92.48,199.02,18799,3699.0,1333.0,8273.0,41683.0,695625.0,750613.0
2439,FFD,0.0251,1400,0.283,100.0,25.42,30.49,621.09,425,,,,,,
2439,RANDOM,0.0598,1400,0.32,100.0,25.42,52.02,519.85,609,,,,,,
2440,BFD,1.1752,360,0.85,100.0,70.73,92.95,143.76,11220,,,,,,
2440,BNB,1410.6874,300,0.91,100.0,84.88,92.13,139.24,109163,22799.0,1318.0,45528.0,270479.0,3823423.0,4163547.0
2440,FFD,0.0381,1390,0.198,100.0,18.32,20.59,638.22,717,,,,,,
2440,RANDOM,0.1855,1390,0.216,100.0,18.32,29.2,570.69,1917,,,,,,
2441,BFD,0.6863,333,0.914,100.0,79.32,96.75,141.22,9948,,,,,,
2441,BNB,11.7156,310,0.907,100.0,85.2,92.23,144.95,1557,553.0,218.0,719.0,1629.0,34615.0,37734.0
2441,FFD,0.0209,1375,0.212,100.0,19.21,20.91,616.59,671,,,,,,
2441,RANDOM,0.4517,1390,0.206,83.33,16.01,42.54,495.89,8727,,,,,,
2442,BFD,0.9291,400,0.876,100.0,75.2,94.5,167.09,6060,,,,,,
2442,BNB,3.3039,335,0.94,100.0,89.79,94.65,159.73,308,113.0,27.0,142.0,385.0,7645.0,8312.0
2442,FFD,0.0374,1375,0.238,100.0,21.88,25.22,627.32,660,,,,,,
2442,RANDOM,0.1327,1380,0.235,100.0,21.8,26.28,636.2,1519,,,,,,
2443,BFD,1.0309,200,0.708,100.0,64.89,75.27,90.88,7176,,,,,,
2443,BNB,4.1319,200,0.751,100.0,64.89,83.35,84.23,283,71.0,0.0,68.0,709.0,13122.0,13970.0
2443,FFD,0.0486,1385,0.111,100.0,9.37,13.58,567.65,922,,,,,,
2443,RANDOM,1.3025,306,0.237,75.0,17.89,36.79,102.92,12359,,,,,,
2444,BFD,1.2942,260,0.905,100.0,79.64,93.61,112.35,12576,,,,,,
2444,BNB,3.4487,260,0.868,100.0,79.64,88.78,118.36,389,182.0,40.0,142.0,299.0,7001.0,7664.0
2444,FFD,0.0348,1399,0.166,100.0,14.8,19.85,615.35,809,,,,,,
2444,RANDOM,0.0647,1141,0.255,100.0,18.15,56.86,338.69,475,,,,,,
2445,BFD,1.2836,460,0.795,100.0,63.9,90.64,173.73,12552,,,,,,
2445,BNB,898.5915,375,0.884,100.0,78.38,90.99,163.48,71107,13939.0,3179.0,24779.0,173999.0,2841577.0,3057473.0
2445,FFD,0.0276,1380,0.232,100.0,21.3,24.17,626.87,567,,,,,,
2445,RANDOM,0.0471,1355,0.265,100.0,21.69,43.0,525.92,400,,,,,,
2446,BFD,1.0491,275,0.888,100.0,77.52,92.6,117.52,8238,,,,,,
2446,BNB,13.1719,262,0.894,100.0,81.37,91.8,118.12,1994,771.0,70.0,593.0,3158.0,57775.0,62367.0
2446,FFD,0.0243,1399,0.166,100.0,15.24,18.17,638.78,670,,,,,,
2446,RANDOM,2.2048,384,0.195,54.17,15.16,36.79,137.03,22267,,,,,,
2447,BFD,0.8625,400,0.818,100.0,65.58,91.94,150.54,13248,,,,,,
2447,BNB,358.1047,310,0.916,100.0,84.62,92.8,142.3,47963,20933.0,4468.0,11255.0,53547.0,1062743.0,1152946.0
2447,FFD,0.026,1399,0.219,100.0,18.75,25.04,580.6,728,,,,,,
2447,RANDOM,0.3341,1400,0.189,87.5,15.93,35.92,571.33,6909,,,,,,
2448,BFD,0.8523,398,0.817,100.0,68.42,90.83,160.44,10422,,,,,,
2448,BNB,10990.4266,375,0.807,100.0,72.61,83.28,166.69,865482,113631.0,41104.0,189492.0,2498726.0,31967414.0,34810367.0
2448,FFD,0.0255,1365,0.23,100.0,19.95,25.57,577.12,837,,,,,,
2448,RANDOM,0.0375,1293,0.251,100.0,21.06,35.62,522.83,595,,,,,,
2449,BFD,1.4751,343,0.847,100.0,71.78,91.03,140.71,12774,,,,,,
2449,BNB,170.9345,300,0.887,100.0,82.07,89.77,137.88,16329,3652.0,802.0,3733.0,39298.0,528073.0,575558.0
2449,FFD,0.0398,1399,0.193,100.0,17.6,20.82,633.81,808,,,,,,
2449,RANDOM,0.0784,1378,0.216,100.0,17.87,35.92,544.34,914,,,,,,
2450,BFD,0.8823,420,0.855,100.0,76.19,91.77,184.25,7860,,,,,,
2450,BNB,5.3234,400,0.884,100.0,80.0,92.5,179.04,660,342.0,57.0,151.0,464.0,10471.0,11485.0
2450,FFD,0.0279,1399,0.241,100.0,22.87,26.09,660.78,593,,,,,,
2450,RANDOM,1.2071,1400,0.213,66.67,16.38,46.0,491.25,16370,,,,,,
2451,BFD,0.7917,460,0.867,100.0,69.5,93.95,173.04,5814,,,,,,
2451,BNB,8.8593,400,0.896,100.0,79.93,92.45,175.85,818,286.0,52.0,334.0,1158.0,20264.0,22094.0
2451,FFD,0.0385,1380,0.258,100.0,23.17,28.43,611.85,529,,,,,,
2451,RANDOM,0.2391,1399,0.25,95.83,22.21,36.03,611.33,3761,,,,,,
2452,BFD,0.7378,280,0.866,100.0,77.38,89.18,123.37,4812,,,,,,
2452,BNB,17.5647,266,0.9,100.0,81.45,91.82,118.99,2969,1244.0,270.0,945.0,3346.0,52763.0,58568.0
2452,FFD,0.0304,1399,0.173,100.0,15.49,18.26,618.46,761,,,,,,
2452,RANDOM,0.0596,1090,0.227,100.0,19.88,45.51,468.68,551,,,,,,
2453,BFD,1.3199,360,0.782,100.0,69.26,83.37,156.76,12168,,,,,,
2453,BNB,214.7557,300,0.903,100.0,83.11,92.03,137.04,20817,5161.0,779.0,6309.0,47179.0,667647.0,727075.0
2453,FFD,0.0283,1390,0.196,100.0,17.94,19.1,632.0,498,,,,,,
2453,RANDOM,0.0443,999,0.302,100.0,24.96,36.6,394.28,442,,,,,,
2454,BFD,0.9631,375,0.868,100.0,75.72,90.44,159.95,9864,,,,,,
2454,BNB,612.7859,330,0.928,100.0,86.04,95.24,152.07,76745,32894.0,7048.0,24469.0,82746.0,1649996.0,1797153.0
2454,FFD,0.0295,1371,0.232,100.0,20.71,24.9,601.55,708,,,,,,
2454,RANDOM,0.0515,1300,0.256,100.0,21.84,44.92,539.0,537,,,,,,
2455,BFD,0.9543,468,0.84,100.0,77.68,86.36,215.04,5766,,,,,,
2455,BNB,925.2956,443,0.884,100.0,82.06,91.1,204.48,86437,34751.0,6074.0,18001.0,123482.0,1904368.0,2086676.0
2455,FFD,0.0258,1400,0.285,100.0,25.97,29.61,631.52,397,,,,,,
2455,RANDOM,0.0456,1266,0.304,100.0,28.71,32.9,595.55,406,,,,,,
2456,BFD,1.2415,343,0.783,100.0,65.13,90.52,136.87,14304,,,,,,
2456,BNB,93.0246,280,0.872,100.0,79.79,88.44,127.08,8358,1779.0,667.0,1651.0,19541.0,264028.0,287666.0
2456,FFD,0.0426,1395,0.184,100.0,16.01,20.82,593.13,925,,,,,,
2456,RANDOM,0.0589,1319,0.219,100.0,16.94,46.26,465.59,564,,,,,,
2457,BFD,1.0801,420,0.825,100.0,66.71,95.99,160.37,7062,,,,,,
2457,BNB,7.6921,420,0.775,100.0,66.71,84.06,175.9,540,28.0,3.0,285.0,1715.0,23044.0,25075.0
2457,FFD,0.0203,1399,0.22,100.0,20.03,22.81,631.52,393,,,,,,
2457,RANDOM,1.1966,750,0.272,75.0,23.47,31.39,314.96,12281,,,,,,
2458,BFD,1.1507,280,0.787,100.0,65.41,86.28,111.6,13338,,,,,,
2458,BNB,5.416,260,0.787,100.0,70.44,81.15,114.73,507,134.0,32.0,275.0,923.0,14718.0,16082.0
2458,FFD,0.0515,1399,0.155,100.0,13.09,18.48,572.12,1000,,,,,,
2458,RANDOM,0.0327,1013,0.25,100.0,18.08,44.51,313.62,284,,,,,,
2459,BFD,0.9009,360,0.917,100.0,80.67,96.28,155.48,5988,,,,,,
2459,BNB,69.9189,333,0.921,100.0,87.21,93.59,157.14,7042,2426.0,541.0,3285.0,10038.0,186053.0,202343.0
2459,FFD,0.0229,1390,0.225,100.0,20.89,23.19,640.7,424,,,,,,
2459,RANDOM,1.269,1400,0.152,66.67,12.84,35.44,571.14,16235,,,,,,
2460,BFD,1.2075,330,0.87,100.0,75.67,92.57,140.22,10536,,,,,,
2460,BNB,107.3132,330,0.827,100.0,75.67,85.99,149.74,13654,4814.0,1126.0,2930.0,21976.0,354525.0,385371.0
2460,FFD,0.0347,1371,0.206,100.0,18.21,22.15,597.52,771,,,,,,
2460,RANDOM,0.4947,1398,0.2,91.67,15.54,40.65,496.21,4737,,,,,,
2461,BFD,1.4183,392,0.838,100.0,69.68,91.27,156.32,13596,,,,,,
2461,BNB,4244.8084,330,0.918,100.0,82.78,94.93,147.02,406417,96682.0,20544.0,112998.0,926480.0,13340483.0,14497187.0
2461,FFD,0.0348,1371,0.22,100.0,19.92,25.74,613.0,702,,,,,,
2461,RANDOM,0.6749,1350,0.205,83.33,17.14,34.85,541.16,9056,,,,,,
2462,BFD,1.5283,428,0.8,100.0,66.47,89.74,170.55,12852,,,,,,
2462,BNB,14343.0003,350,0.899,100.0,81.28,93.44,156.44,1017879,204116.0,56952.0,172580.0,2593536.0,36411129.0,39438313.0
2462,FFD,0.0449,1385,0.234,100.0,20.54,26.46,595.97,992,,,,,,
2462,RANDOM,0.063,1273,0.309,100.0,22.35,58.45,393.38,622,,,,,,
2463,BFD,0.8551,348,0.915,100.0,82.71,95.09,155.53,5370,,,,,,
2463,BNB,818.6629,333,0.956,100.0,86.44,97.24,148.93,120373,59787.0,3084.0,20757.0,146325.0,2433975.0,2663928.0
2463,FFD,0.0421,1375,0.227,100.0,20.93,24.36,630.8,1001,,,,,,
2463,RANDOM,0.0471,1165,0.3,100.0,24.71,39.65,457.34,430,,,,,,
2464,BFD,0.912,300,0.863,100.0,79.44,88.62,137.03,8604,,,,,,
2464,BNB,346.0755,280,0.883,100.0,85.12,88.32,134.72,27379,2434.0,421.0,8935.0,86276.0,1120322.0,1218388.0
2464,FFD,0.0257,1390,0.187,100.0,17.15,20.68,632.96,727,,,,,,
2464,RANDOM,0.1415,1365,0.215,100.0,17.46,44.6,523.57,1426,,,,,,
2465,BFD,1.0548,430,0.848,100.0,67.05,97.32,158.08,10086,,,,,,
2465,BNB,154.0781,350,0.896,100.0,82.37,91.99,159.72,13412,4000.0,730.0,5249.0,24734.0,373499.0,408212.0
2465,FFD,0.0211,1399,0.229,100.0,20.61,24.52,621.79,450,,,,,,
2465,RANDOM,0.0457,1168,0.303,100.0,24.68,41.71,451.35,403,,,,,,
2466,BFD,1.3991,380,0.855,100.0,72.0,93.22,154.25,11598,,,,,,
2466,BNB,9.4334,0,0.0,0.0,,0.0,-1.0,624,3.0,3.0,339.0,2132.0,26540.0,29017.0
2466,FFD,0.0203,1385,0.218,100.0,19.75,23.36,622.49,782,,,,,,
2466,RANDOM,0.3719,1395,0.221,87.5,17.55,38.6,514.78,6781,,,,,,
2467,BFD,1.3317,282,0.886,100.0,78.88,91.03,123.55,13482,,,,,,
2467,BNB,100.4723,262,0.91,100.0,84.9,94.09,121.6,8796,1467.0,284.0,2368.0,23901.0,436306.0,464326.0
2467,FFD,0.0287,1396,0.172,100.0,15.93,19.01,641.47,741,,,,,,
2467,RANDOM,0.0661,1010,0.276,100.0,22.02,46.87,377.4,676,,,,,,
2468,BFD,1.0041,420,0.866,100.0,74.2,95.23,174.78,8334,,,,,,
2468,BNB,4.1452,380,0.892,100.0,82.01,90.86,173.44,288,30.0,12.0,161.0,781.0,8265.0,9249.0
2468,FFD,0.0271,1399,0.237,100.0,22.28,26.24,654.45,464,,,,,,
2468,RANDOM,0.0973,1400,0.288,100.0,22.26,51.83,493.22,931,,,,,,
2469,BFD,0.842,360,0.915,100.0,81.18,95.95,157.05,7062,,,,,,
2469,BNB,59.5461,330,0.941,100.0,88.56,95.55,154.74,7642,3188.0,538.0,1794.0,10089.0,159765.0,175374.0
2469,FFD,0.033,1399,0.234,100.0,20.89,25.71,613.93,705,,,,,,
2469,RANDOM,0.0607,1378,0.232,100.0,21.21,32.41,624.04,549,,,,,,
2470,BFD,1.3439,330,0.839,100.0,71.38,89.6,136.15,14694,,,,,,
2470,BNB,430.3031,310,0.865,100.0,75.98,90.19,133.5,37326,5687.0,999.0,7166.0,108698.0,1340240.0,1462790.0
2470,FFD,0.0319,1397,0.185,100.0,16.86,19.18,630.07,574,,,,,,
2470,RANDOM,0.0524,783,0.378,100.0,30.08,51.83,290.89,352,,,,,,
2471,BFD,1.4559,350,0.876,100.0,77.76,92.75,152.85,12516,,,,,,
2471,BNB,11.9322,350,0.886,100.0,77.76,92.26,150.63,1046,214.0,73.0,547.0,2187.0,34119.0,37140.0
2471,FFD,0.0311,1399,0.21,100.0,19.45,23.36,645.56,709,,,,,,
2471,RANDOM,1.3828,1292,0.165,70.83,12.83,37.28,462.28,14347,,,,,,
2472,BFD,1.3701,350,0.859,100.0,71.58,92.81,139.96,16062,,,,,,
2472,BNB,54.9245,310,0.899,100.0,80.82,91.82,137.67,5896,2882.0,649.0,2250.0,3659.0,96852.0,106292.0
2472,FFD,0.0338,1399,0.198,100.0,17.91,21.63,626.21,732,,,,,,
2472,RANDOM,0.7301,1289,0.196,87.5,14.75,44.49,431.98,7354,,,,,,
2473,BFD,1.1596,420,0.838,100.0,71.98,93.34,175.5,9684,,,,,,
2473,BNB,48.9891,350,0.944,100.0,86.37,96.52,158.64,6721,3286.0,627.0,2225.0,4954.0,149500.0,160592.0
2473,FFD,0.0258,1399,0.231,100.0,21.61,24.72,650.07,608,,,,,,
2473,RANDOM,1.1577,1385,0.182,79.17,14.55,34.28,521.02,11530,,,,,,
2474,BFD,1.4555,340,0.873,100.0,75.56,93.07,143.56,14544,,,,,,
2474,BNB,9.4679,300,0.92,100.0,85.64,93.67,138.87,1412,689.0,183.0,507.0,766.0,24448.0,26593.0
2474,FFD,0.0378,1400,0.205,100.0,18.35,21.67,618.8,824,,,,,,
2474,RANDOM,0.5699,1400,0.183,79.17,14.81,35.68,536.24,10834,,,,,,
2475,BFD,0.9443,410,0.814,100.0,67.76,90.05,163.83,10194,,,,,,
2475,BNB,111.417,330,0.922,100.0,84.18,95.28,149.32,14988,6399.0,1455.0,4809.0,15773.0,270946.0,299382.0
2475,FFD,0.0336,1371,0.23,100.0,20.26,24.42,592.54,641,,,,,,
2475,RANDOM,0.0549,1291,0.282,100.0,21.52,42.16,445.43,498,,,,,,
2476,BFD,0.7724,398,0.878,100.0,76.41,91.66,169.3,5418,,,,,,
2476,BNB,348.1434,396,0.883,100.0,76.79,91.8,168.45,27637,3231.0,322.0,3944.0,88829.0,947611.0,1043937.0
2476,FFD,0.0401,1400,0.241,100.0,21.72,28.38,622.62,669,,,,,,
2476,RANDOM,0.0744,1358,0.257,100.0,22.39,29.9,579.83,830,,,,,,
2477,BFD,0.9623,493,0.811,100.0,66.88,91.98,194.17,6804,,,,,,
2477,BNB,4.4285,420,0.872,100.0,78.5,91.58,186.85,374,105.0,54.0,183.0,483.0,8657.0,9482.0
2477,FFD,0.0285,1400,0.25,100.0,23.55,26.25,656.3,542,,,,,,
2477,RANDOM,3.2609,250,0.36,29.17,30.52,39.43,102.74,34071,,,,,,
2478,BFD,0.92,360,0.856,100.0,72.8,92.93,148.38,8724,,,,,,
2478,BNB,299.852,310,0.918,100.0,84.54,93.47,141.61,22767,5938.0,402.0,8006.0,51282.0,845541.0,911169.0
2478,FFD,0.0302,1400,0.204,100.0,18.72,22.72,636.36,656,,,,,,
2478,RANDOM,0.0623,1080,0.295,100.0,24.27,45.16,424.21,555,,,,,,
2479,BFD,1.017,375,0.757,100.0,58.72,85.8,133.23,12900,,,,,,
2479,BNB,126.1685,350,0.751,100.0,62.92,81.1,141.08,10060,448.0,13.0,2269.0,35656.0,408603.0,446989.0
2479,FFD,0.0235,1399,0.179,100.0,15.74,20.48,603.11,882,,,,,,
2479,RANDOM,0.0225,853,0.333,100.0,25.82,45.67,303.43,342,,,,,,
2480,BFD,1.2738,300,0.854,100.0,73.86,92.6,126.52,14994,,,,,,
2480,BNB,9.9139,270,0.888,100.0,82.07,90.81,123.95,1112,353.0,108.0,443.0,1685.0,29887.0,32476.0
2480,FFD,0.0306,1375,0.173,100.0,16.12,18.09,637.58,648,,,,,,
2480,RANDOM,0.0415,1258,0.236,100.0,17.61,38.95,413.64,431,,,,,,
2481,BFD,1.023,375,0.877,100.0,75.94,91.87,158.46,8676,,,,,,
2481,BNB,263.6618,335,0.91,100.0,85.0,92.32,155.74,34572,15617.0,3804.0,8689.0,32459.0,670249.0,730818.0
2481,FFD,0.0355,1399,0.233,100.0,20.35,25.52,599.54,703,,,,,,
2481,RANDOM,0.1443,1398,0.249,100.0,20.37,39.3,542.81,1348,,,,,,
2482,BFD,0.8987,300,0.888,100.0,78.77,92.26,130.88,9804,,,,,,
2482,BNB,5.9692,300,0.854,100.0,78.77,87.52,137.46,559,166.0,39.0,208.0,993.0,19299.0,20705.0
2482,FFD,0.0314,1392,0.192,100.0,16.98,21.49,604.83,534,,,,,,
2482,RANDOM,0.0521,1336,0.226,100.0,17.69,46.0,482.13,446,,,,,,
2483,BFD,1.1585,400,0.843,100.0,69.6,93.67,157.87,12354,,,,,,
2483,BNB,664.8287,330,0.92,100.0,84.36,94.51,150.07,62547,15164.0,3718.0,21822.0,133856.0,2131673.0,2306233.0
2483,FFD,0.0349,1371,0.232,100.0,20.31,25.74,588.72,719,,,,,,
2483,RANDOM,0.3071,1383,0.218,91.67,18.82,38.46,580.69,4856,,,,,,
2484,BFD,1.4092,330,0.878,100.0,75.0,94.38,136.74,13632,,,,,,
2484,BNB,263.3139,310,0.88,100.0,79.84,89.41,139.12,24193,3647.0,696.0,4665.0,70352.0,879110.0,958470.0
2484,FFD,0.0341,1391,0.192,100.0,17.79,20.8,641.9,579,,,,,,
2484,RANDOM,0.1082,1293,0.256,100.0,19.14,48.78,427.43,1105,,,,,,
2485,BFD,1.2562,252,0.789,100.0,71.54,81.15,112.97,13008,,,,,,
2485,BNB,8.5946,220,0.849,100.0,81.95,85.74,105.99,1219,475.0,71.0,306.0,1810.0,38305.0,40967.0
2485,FFD,0.0292,1371,0.148,100.0,13.15,16.35,598.81,961,,,,,,
2485,RANDOM,0.0309,1375,0.174,100.0,13.11,40.9,461.82,432,,,,,,
2486,BFD,1.5515,420,0.859,100.0,73.75,95.42,175.28,11214,,,,,,
2486,BNB,57.4272,362,0.943,100.0,85.57,97.2,162.42,7183,2916.0,982.0,2412.0,6770.0,157263.0,170343.0
2486,FFD,0.025,1400,0.236,100.0,22.13,25.63,651.87,528,,,,,,
2486,RANDOM,2.833,412,0.275,41.67,22.98,37.52,165.81,28070,,,,,,
2487,BFD,0.8161,353,0.932,100.0,86.29,95.13,162.46,7920,,,,,,
2487,BNB,288.6481,0,0.0,0.0,,0.0,-1.0,23360,5718.0,873.0,7240.0,53250.0,731746.0,798827.0
2487,FFD,0.0237,1399,0.24,100.0,21.77,26.25,627.33,510,,,,,,
2487,RANDOM,0.0846,1398,0.251,100.0,21.79,48.43,592.76,849,,,,,,
2488,BFD,0.9516,360,0.841,100.0,71.65,91.25,148.64,8772,,,,,,
2488,BNB,107.814,310,0.918,100.0,83.2,93.34,139.01,10005,3704.0,557.0,3715.0,14920.0,300277.0,323173.0
2488,FFD,0.0335,1375,0.202,100.0,18.76,21.81,634.73,680,,,,,,
2488,RANDOM,0.092,1393,0.254,100.0,18.52,46.0,436.1,901,,,,,,
2489,BFD,1.4814,460,0.766,100.0,60.21,87.49,167.21,10110,,,,,,
2489,BNB,147.6423,375,0.849,100.0,73.85,90.37,159.45,8861,959.0,380.0,2534.0,26130.0,389128.0,419131.0
2489,FFD,0.0258,1392,0.222,100.0,19.9,24.6,616.88,512,,,,,,
2489,RANDOM,1.0324,1270,0.219,79.17,16.11,44.97,406.17,10234,,,,,,
2490,BFD,0.9649,396,0.848,100.0,71.4,91.93,160.95,9594,,,,,,
2490,BNB,484.3506,330,0.94,100.0,85.68,95.82,149.05,42281,7867.0,447.0,5595.0,121914.0,1118397.0,1254220.0
2490,FFD,0.0278,1395,0.221,100.0,20.27,23.26,633.38,593,,,,,,
2490,RANDOM,3.4235,322,0.167,25.0,13.52,24.77,123.41,36032,,,,,,
2491,BFD,1.3997,393,0.784,100.0,66.08,85.02,159.79,14382,,,,,,
2491,BNB,1955.047,390,0.82,100.0,66.58,90.93,149.87,141848,2347.0,313.0,28073.0,526009.0,6273727.0,6830469.0
2491,FFD,0.027,1385,0.205,100.0,18.75,21.46,627.85,588,,,,,,
2491,RANDOM,0.0663,1248,0.267,100.0,20.81,42.08,448.39,644,,,,,,
2492,BFD,1.0796,380,0.889,100.0,77.04,95.2,160.82,6846,,,,,,
2492,BNB,10.572,0,0.0,0.0,,0.0,-1.0,761,17.0,20.0,380.0,2484.0,31355.0,34256.0
2492,FFD,0.0227,1399,0.227,100.0,20.93,24.09,641.51,425,,,,,,
2492,RANDOM,0.7088,1353,0.232,87.5,18.23,31.63,491.62,7743,,,,,,
2493,BFD,1.0578,335,0.882,100.0,76.73,95.52,142.41,11946,,,,,,
2493,BNB,59.4999,310,0.919,100.0,82.92,94.59,138.14,9000,4284.0,1238.0,4031.0,4319.0,141672.0,155544.0
2493,FFD,0.025,1399,0.201,100.0,18.37,21.86,635.4,607,,,,,,
2493,RANDOM,0.4951,1365,0.207,87.5,15.97,41.22,480.6,6525,,,,,,
2494,BFD,0.9321,413,0.874,100.0,72.9,95.73,165.54,10266,,,,,,
2494,BNB,471.6869,335,0.947,100.0,89.88,96.03,158.58,65774,33161.0,6349.0,22041.0,43355.0,1324409.0,1429315.0
2494,FFD,0.0261,1400,0.237,100.0,21.51,25.71,627.76,525,,,,,,
2494,RANDOM,0.0384,1175,0.304,100.0,25.63,36.6,477.36,347,,,,,,
2495,BFD,1.3598,350,0.807,100.0,66.27,89.26,136.84,14664,,,,,,
2495,BNB,26.9266,290,0.9,100.0,79.98,92.9,126.76,2938,993.0,183.0,994.0,4863.0,79541.0,86574.0
2495,FFD,0.0438,1395,0.189,100.0,16.63,21.71,600.94,929,,,,,,
2495,RANDOM,0.0449,1083,0.276,100.0,21.42,38.95,384.32,389,,,,,,
2496,BFD,0.8623,400,0.84,100.0,68.28,92.49,153.92,7974,,,,,,
2496,BNB,31.1594,330,0.916,100.0,82.76,94.39,147.46,4047,1652.0,393.0,1540.0,4413.0,86956.0,94954.0
2496,FFD,0.0298,1400,0.217,100.0,19.51,23.61,622.01,547,,,,,,
2496,RANDOM,0.0432,1380,0.229,100.0,19.79,36.54,580.95,423,,,,,,
2497,BFD,1.0737,430,0.789,100.0,65.16,89.52,169.72,9642,,,,,,
2497,BNB,999.8982,380,0.838,100.0,73.73,87.8,164.04,62198,8793.0,916.0,12517.0,187665.0,2614578.0,2824469.0
2497,FFD,0.0356,1365,0.235,100.0,20.53,26.46,583.98,691,,,,,,
2497,RANDOM,0.1226,1381,0.231,100.0,20.29,25.5,595.48,1359,,,,,,
2498,BFD,0.8645,300,0.887,100.0,79.81,90.73,133.24,7998,,,,,,
2498,BNB,241.4041,293,0.906,100.0,81.72,92.41,130.6,34307,15554.0,4821.0,8237.0,27086.0,596457.0,652155.0
2498,FFD,0.0143,1371,0.184,100.0,17.46,18.56,648.21,470,,,,,,
2498,RANDOM,0.0669,1397,0.227,100.0,17.14,54.48,472.02,918,,,,,,
2499,BFD,1.3793,460,0.84,100.0,67.73,95.46,174.89,11886,,,,,,
2499,BNB,97.2732,385,0.894,100.0,80.92,91.82,172.44,11909,4899.0,1740.0,3760.0,10631.0,243514.0,264544.0
2499,FFD,0.0298,1375,0.252,100.0,22.66,26.95,609.18,679,,,,,,
2499,RANDOM,2.42,790,0.197,50.0,14.9,31.39,268.47,24206,,,,,,
