order_id,topx_limit,time_taken (min),(seconds),score,nodes,pruned_rule1,pruned_rule4,pruned_filt1,pruned_filt2,pruned_filt5,total_pruned
2401,-1,4,10,322,125062,109411,2071,524145,214918,0,850545
2401,1,0,1,0,3,0,0,0,1,60,61
2401,2,0,2,0,11,0,0,1,12,278,291
2401,3,0,1,0,14,0,0,13,18,311,342
2401,4,0,3,400,117,20,0,94,169,4782,5065
2401,5,1,33,362,12163,5011,960,6370,12417,360394,385152
2401,6,3,11,342,27071,13114,1707,19250,27149,723087,784307
2401,7,3,3,342,28413,15286,1587,23840,28470,662778,731961
2401,8,3,44,342,36556,20981,1848,35674,37520,781643,877666
2401,9,3,48,342,39903,24303,1850,43052,40711,768666,878582
2401,10,3,48,342,43137,27528,1850,50546,43743,755075,878742
2401,11,3,50,342,46410,30799,1850,57968,46790,741333,878740
2401,12,3,50,342,49790,34179,1850,65319,49801,727591,878740
2401,13,3,46,342,53297,37685,1850,72328,53027,713849,878739
2401,14,3,53,342,56743,41128,1850,79373,56278,700107,878736
2401,15,3,48,342,60112,44497,1850,86490,59532,686367,878736
2404,-1,0,34,260,13464,10914,296,31014,44921,0,87145
2404,1,0,2,0,8,0,0,0,1,279,280
2404,2,0,4,0,286,0,0,36,252,12503,12791
2404,3,0,7,260,500,44,30,179,596,18410,19259
2404,4,0,8,260,714,126,35,377,1085,23127,24750
2404,5,0,19,254,1856,416,70,1273,3601,64753,70113
2404,6,0,22,254,2365,703,81,1959,4970,74469,82182
2404,7,0,23,254,2716,991,83,2608,5924,75856,85462
2404,8,0,23,254,3020,1287,83,3052,6790,74310,85522
2404,9,0,22,254,3407,1670,83,3514,7548,72703,85518
2404,10,0,24,254,3701,1959,83,3938,8437,71096,85513
2404,11,0,23,254,3987,2240,83,4382,9314,69489,85508
2404,12,0,23,254,4220,2467,83,4956,10114,67882,85502
2404,13,0,23,254,4477,2717,83,5544,10876,66275,85495
2404,14,0,24,254,4740,2977,83,6092,11672,64668,85492
2404,15,0,23,254,5008,3244,83,6604,12499,63061,85491
2407,-1,26,56,335,811383,720385,13548,1754000,1140882,0,3628815
2407,1,0,1,0,5,0,0,0,1,110,111
2407,2,0,3,0,77,0,1,8,69,3696,3774
2407,3,0,3,420,139,9,13,71,138,5618,5849
2407,4,0,16,400,1350,391,157,696,1110,34430,36784
2407,5,4,47,335,34930,16461,2394,17913,27392,773507,837667
2407,6,7,36,335,62727,33437,4058,41058,47439,1185286,1311278
2407,7,5,31,335,50739,29467,3023,37335,39458,805928,915211
2407,8,6,16,335,62203,38551,3453,50640,48515,869625,1010784
2407,9,6,27,335,69213,44856,3583,62115,55374,878031,1043959
2407,10,6,47,335,76341,51214,3745,74112,63053,888043,1080167
2407,11,6,47,335,81456,56326,3745,83499,69912,866735,1080217
2407,12,6,44,335,86310,61180,3745,93066,76842,845384,1080217
2407,13,6,49,335,91118,65986,3745,102486,83965,824033,1080215
2407,14,6,49,335,95654,70520,3745,112222,91044,802682,1080213
2407,15,6,57,335,100452,75315,3745,121728,98089,781333,1080210
2408,-1,8,25,300,234888,202611,4102,605695,485242,0,1297650
2408,1,0,1,0,6,0,0,0,1,181,182
2408,2,0,2,348,61,2,3,10,39,2506,2560
2408,3,0,6,345,274,12,16,161,294,11568,12051
2408,4,0,21,340,1437,159,100,1280,1971,57966,61476
2408,5,1,48,340,8701,1932,500,8763,13851,292724,317770
2408,6,6,47,330,38963,13360,2587,32554,66483,1069149,1184133
2408,7,7,59,310,47536,17716,2824,49198,92083,1200246,1362067
2408,8,10,38,310,71654,32494,4041,76218,132870,1512014,1757637
2408,9,14,39,310,105836,52961,5318,120055,201912,2012572,2392818
2408,10,15,56,310,125077,67732,5773,148637,241722,2138207,2602071
2408,11,16,10,310,137353,79126,5822,169677,269068,2122814,2646507
2408,12,16,24,310,147912,89623,5830,187977,293205,2072794,2649429
2408,13,16,27,310,157957,99666,5830,205925,317636,2020370,2649427
2408,14,16,32,310,167434,109142,5830,223380,343128,1967946,2649426
2408,15,16,34,310,176300,118006,5830,240798,369267,1915523,2649424
2409,-1,0,5,285,1346,1035,16,11581,4100,0,16732
2409,1,0,1,0,3,0,0,0,1,60,61
2409,2,0,1,0,9,0,0,0,11,200,211
2409,3,0,1,0,12,0,0,10,17,235,262
2409,4,0,1,0,20,0,0,35,29,398,462
2409,5,0,2,400,114,23,2,135,196,3973,4329
2409,6,0,6,300,401,76,2,521,986,20411,21996
2409,7,0,2,300,185,81,0,219,295,5318,5913
2409,8,0,3,300,203,96,1,268,343,5375,6083
2409,9,0,2,300,218,113,4,315,346,4697,5475
2409,10,0,3,300,240,127,4,380,416,5036,5963
2409,11,0,2,300,256,142,4,430,453,4933,5962
2409,12,0,2,300,299,177,4,504,499,5151,6335
2409,13,0,3,300,308,185,4,573,529,5043,6334
2409,14,0,2,300,323,198,4,629,566,4935,6332
2409,15,0,3,300,342,217,4,676,608,4827,6332
2410,-1,8,53,280,164799,130226,5750,714423,583174,0,1433573
2410,1,0,2,0,3,0,0,0,1,66,67
2410,2,0,6,0,383,11,12,46,293,16994,17356
2410,3,0,21,282,1606,119,47,741,1949,68082,70938
2410,4,0,53,282,4701,795,262,3625,6174,169645,180501
2410,5,1,12,280,7636,1759,822,5983,11556,226716,246836
2410,6,1,47,280,11642,3176,1282,12713,18677,315975,351823
2410,7,2,21,280,16505,5094,1788,23646,27111,417069,474708
2410,8,2,41,280,19404,6900,1950,33342,31556,449445,523193
2410,9,2,41,280,20644,8121,1951,40299,34049,439626,524046
2410,10,2,44,280,21885,9362,1951,46506,37155,429072,524046
2410,11,2,43,280,23070,10546,1951,52056,40974,418518,524045
2410,12,2,46,280,24384,11858,1951,56922,45348,407964,524043
2410,13,2,44,280,25862,13335,1951,61314,50032,397410,524042
2410,14,2,47,280,27471,14944,1951,65468,54823,386856,524042
2410,15,2,47,280,29175,16647,1951,69501,59640,376302,524041
2411,-1,3,50,300,94147,80131,1789,304345,219699,0,605964
2411,1,0,1,0,6,0,0,0,1,181,182
2411,2,0,2,0,72,0,0,11,63,2754,2828
2411,3,0,9,345,573,81,38,174,606,19322,20221
2411,4,0,18,333,1570,330,156,989,1741,44331,47547
2411,5,0,57,330,6177,2328,485,3974,6589,135552,148928
2411,6,2,7,300,15577,6938,1222,9888,18893,300043,336984
2411,7,3,4,300,26736,14201,1956,16457,30600,411917,475131
2411,8,4,37,300,46818,28222,3239,27011,48721,585521,692714
2411,9,6,24,300,69893,44616,4337,41398,76779,784599,951729
2411,10,6,54,300,83057,56074,4687,49252,90177,808618,1008808
2411,11,6,51,300,89791,62804,4687,56192,98751,786370,1008804
2411,12,6,57,300,95941,68951,4687,64015,107026,764122,1008801
2411,13,7,7,300,101719,74727,4687,72098,115413,741874,1008799
2411,14,7,3,300,106910,79916,4687,80170,124398,719626,1008797
2411,15,7,12,300,111768,84770,4687,87689,134268,697379,1008793
2412,-1,32,42,400,715893,607778,16820,2439324,1600136,0,4664058
2412,1,0,2,0,3,0,0,0,1,60,61
2412,2,0,1,0,29,0,0,0,31,1224,1255
2412,3,0,3,0,104,1,0,69,139,4578,4787
2412,4,0,14,0,896,150,60,776,1076,33010,35072
2412,5,1,14,430,5748,1596,435,4163,8629,168091,182914
2412,6,3,9,420,16418,4765,1467,13741,30825,467614,518412
2412,7,4,11,420,23468,7095,2767,23621,48033,627111,708627
2412,8,6,6,420,36777,13359,3967,42776,75885,875408,1011395
2412,9,12,35,420,84060,33223,7731,113712,189891,1822319,2166876
2412,10,16,51,420,119996,52839,10255,177478,271182,2364916,2876670
2412,11,27,14,413,208165,103645,15119,307765,466992,3584896,4478417
2412,12,12,52,400,108804,59434,8648,154231,224903,1599848,2047064
2412,13,13,3,400,118146,67946,8766,174661,244970,1585331,2081674
2412,14,13,29,400,127593,76538,8973,195496,265085,1565785,2111877
2412,15,13,28,400,134985,83925,8973,212114,283085,1523775,2111872
2414,-1,4,42,220,57414,37628,826,455487,818860,0,1312801
2414,1,0,1,0,12,0,0,0,1,514,515
2414,2,0,9,0,751,0,0,88,665,45123,45876
2414,3,0,2,220,103,17,2,59,90,5046,5214
2414,4,0,3,220,137,21,2,111,204,6953,7291
2414,5,0,3,220,196,40,2,169,395,9398,10004
2414,6,0,3,220,266,69,2,233,659,12038,13001
2414,7,0,4,220,330,84,2,341,1015,15127,16569
2414,8,0,5,220,390,99,2,495,1401,17939,19936
2414,9,0,6,220,506,140,2,722,1982,22445,25291
2414,10,0,6,220,602,190,2,933,2471,24942,28538
2414,11,0,7,220,641,215,2,1103,2816,25368,29504
2414,12,0,8,220,770,289,2,1390,3474,28283,33438
2414,13,0,9,220,1062,411,2,2130,5095,37688,45326
2414,14,0,10,220,1121,469,2,2424,5379,37051,45325
2414,15,0,10,220,1152,500,2,2725,5684,36414,45325
2415,-1,20,28,400,449625,374760,13006,1460093,886517,0,2734376
2415,1,0,1,0,3,0,0,0,1,60,61
2415,2,0,1,0,9,0,0,0,11,200,211
2415,3,0,1,0,12,0,0,10,17,235,262
2415,4,0,1,0,20,0,0,35,29,398,462
2415,5,0,1,0,50,3,1,90,95,890,1079
2415,6,1,12,433,8104,3572,570,4967,10605,150451,170165
2415,7,2,53,433,19998,8960,1688,18047,27250,375452,431397
2415,8,4,19,433,34831,18120,2583,31495,46496,538965,637659
2415,9,6,44,420,60556,34063,3846,58493,84447,835891,1016740
2415,10,8,20,420,80036,47135,4811,86881,113579,1003786,1256192
2415,11,5,51,400,51024,29057,2946,72853,84777,700035,889668
2415,12,5,1,400,47644,28264,2645,73944,78614,588294,771761
2415,13,5,6,400,50311,30726,2700,84230,84255,578703,780614
2415,14,5,9,400,52288,32700,2700,93495,89843,561873,780611
2415,15,5,11,400,54361,34770,2700,102034,96059,545045,780608
2419,-1,17,52,400,477300,407101,13756,2007923,1027191,0,3455971
2419,1,0,0,0,3,0,0,0,1,60,61
2419,2,0,1,0,9,0,0,0,11,200,211
2419,3,0,1,0,12,0,0,10,17,235,262
2419,4,0,1,0,20,0,0,35,29,398,462
2419,5,0,1,0,47,0,1,90,98,890,1079
2419,6,1,40,440,12474,4899,1132,11264,14878,328190,360363
2419,7,4,14,400,36367,17124,2667,33368,46219,793609,892987
2419,8,6,13,400,57336,29584,3321,61419,76603,1163475,1334402
2419,9,6,31,400,54991,27381,3366,48702,114428,1197238,1391115
2419,10,6,39,400,60677,32673,3411,58215,126944,1190158,1411401
2419,11,18,43,400,176776,101978,11385,181104,339482,3007084,3641033
2419,12,18,57,400,187316,112388,11422,213185,361373,2945758,3644126
2419,13,19,7,400,196635,121703,11422,248634,380094,2882269,3644122
2419,14,19,15,400,205073,130140,11422,286513,397266,2818780,3644121
2419,15,19,19,400,213520,138585,11422,325655,413164,2755293,3644119
2420,-1,4,10,335,120630,105853,2669,319316,145414,0,573252
2420,1,0,1,0,3,0,0,0,1,60,61
2420,2,0,1,0,9,0,0,0,11,200,211
2420,3,0,1,0,12,0,0,10,17,235,262
2420,4,0,1,0,20,0,0,35,29,398,462
2420,5,0,4,400,397,178,9,179,449,7155,7970
2420,6,4,46,340,42210,24095,2217,20425,32633,652558,731928
2420,7,1,23,335,14970,9428,878,7894,9741,187158,215099
2420,8,1,24,335,16357,10756,893,10395,10838,184103,216985
2420,9,1,26,335,17512,11884,893,13168,11824,180139,217908
2420,10,1,26,335,18368,12740,893,16040,12818,175417,217908
2420,11,1,25,335,19253,13623,893,18638,14057,170695,217906
2420,12,1,25,335,20174,14544,893,20950,15546,165973,217906
2420,13,1,26,335,21279,15649,893,22763,17350,161251,217906
2420,14,1,27,335,22485,16854,893,24527,19102,156529,217905
2420,15,1,28,335,23763,18129,893,26224,20847,151809,217902
2422,-1,6,13,300,188683,166756,2580,477428,389629,0,1036393
2422,1,0,1,0,3,0,0,0,1,66,67
2422,2,0,3,330,228,13,15,20,152,8773,8973
2422,3,0,12,330,1006,255,82,281,699,30229,31546
2422,4,0,41,310,4255,1444,367,2320,3153,110355,117639
2422,5,0,23,300,3054,1292,225,2110,2426,61787,67840
2422,6,0,38,300,5129,2390,404,4569,4174,89358,100895
2422,7,0,55,300,8348,4169,618,8858,7524,131112,152281
2422,8,1,7,300,11012,5983,776,12524,10254,153156,182693
2422,9,1,7,300,12324,7294,776,14038,11651,148933,182692
2422,10,1,4,300,13610,8579,776,15332,13294,144710,182691
2422,11,1,7,300,14955,9921,776,16573,14931,140487,182688
2422,12,1,7,300,16230,11192,776,17991,16461,136264,182684
2422,13,1,8,300,17360,12321,776,19565,17980,132041,182683
2422,14,1,8,300,18340,13300,776,21357,19431,127818,182682
2422,15,1,11,300,19158,14116,776,23365,20828,123595,182680
2423,-1,0,30,375,11771,9695,376,65420,18307,0,93798
2423,1,0,1,0,3,0,0,0,1,60,61
2423,2,0,1,0,9,0,0,0,11,200,211
2423,3,0,1,0,12,0,0,10,17,235,262
2423,4,0,1,0,20,0,0,35,29,398,462
2423,5,0,1,0,39,1,1,67,84,723,876
2423,6,0,2,0,76,2,1,153,215,1726,2097
2423,7,0,3,400,222,53,5,387,531,5074,6050
2423,8,0,2,400,233,63,5,497,580,4926,6071
2423,9,0,3,400,220,71,2,539,561,3700,4873
2423,10,0,3,400,236,83,2,620,650,3630,4985
2423,11,0,9,400,1553,928,102,1561,2623,19391,24605
2423,12,0,9,400,1624,999,102,1840,2794,18870,24605
2423,13,0,10,400,1725,1100,102,2072,2982,18349,24605
2423,14,0,9,400,1819,1193,102,2295,3186,17828,24604
2423,15,0,10,400,1928,1302,102,2485,3406,17309,24604
2424,-1,45,34,300,823056,654054,18982,2975512,3493655,0,7142203
2424,1,0,1,0,5,0,0,0,1,150,151
2424,2,0,3,0,85,0,0,16,71,3799,3886
2424,3,0,44,340,2828,105,14,1026,4273,125878,131296
2424,4,1,53,300,7500,988,70,5416,12844,298272,317590
2424,5,5,23,300,22996,4679,306,24077,42942,808773,880777
2424,6,4,21,300,22295,6885,1376,22597,39216,595283,665357
2424,7,13,57,300,81144,32124,4110,86729,146342,1896445,2165750
2424,8,27,6,300,172520,78420,7554,193583,326031,3572640,4178228
2424,9,28,44,300,199170,98940,8159,238007,391171,3713295,4449572
2424,10,30,34,300,221767,116618,8493,283717,460762,3810923,4680513
2424,11,31,50,300,240923,131961,8732,330168,531038,3855556,4857455
2424,12,33,9,300,259937,146744,8930,384336,606421,3919321,5065752
2424,13,34,29,300,280009,161868,9116,446961,689750,4010709,5318404
2424,14,34,22,300,290792,172464,9123,489983,747415,3908662,5327647
2424,15,34,59,300,301174,182817,9124,530700,805847,3800576,5329064
2425,-1,30,15,350,756087,650101,12428,3134612,1485513,0,5282654
2425,1,0,1,0,3,0,0,0,1,60,61
2425,2,0,1,0,9,0,0,0,11,200,211
2425,3,0,1,0,12,0,0,10,17,235,262
2425,4,0,1,0,20,0,0,35,29,398,462
2425,5,0,2,455,99,26,2,87,154,1902,2171
2425,6,2,45,375,24400,13392,972,9956,25770,422949,473039
2425,7,1,48,350,18393,10964,847,10417,16969,284098,323295
2425,8,1,48,350,20352,12919,847,13196,18770,277559,323291
2425,9,1,43,350,22069,14624,847,16156,20686,271082,323395
2425,10,1,54,350,23578,16127,847,19006,22872,264537,323389
2425,11,1,52,350,25150,17696,847,21780,25071,257992,323386
2425,12,1,52,350,26690,19232,847,24429,27427,251447,323382
2425,13,1,54,350,28311,20821,848,27082,30036,245837,324624
2425,14,1,56,350,29899,22406,848,29597,32504,239266,324621
2425,15,1,53,350,31512,24013,848,32154,34903,232697,324615
2426,-1,0,28,262,10872,8965,247,47276,36590,0,93078
2426,1,0,2,0,13,0,0,0,1,478,479
2426,2,0,4,0,288,1,0,42,246,16796,17085
2426,3,0,34,300,2576,38,3,1076,3953,161894,166964
2426,4,0,35,280,2757,99,18,2191,5600,177779,185687
2426,5,0,55,277,4041,172,25,5182,9982,267186,282547
2426,6,1,12,270,5752,604,49,9390,15398,354407,379848
2426,7,0,46,270,4178,917,65,7111,11005,216940,236038
2426,8,0,36,270,4019,1425,68,6669,9430,163526,181118
2426,9,0,37,270,4542,1854,68,7984,10925,167134,187965
2426,10,0,40,270,5089,2316,68,9274,12533,170031,194222
2426,11,0,40,270,5586,2777,68,10443,13952,169584,196824
2426,12,0,37,270,5911,3337,68,10508,13491,150096,177500
2426,13,0,38,270,6321,3740,68,11644,14515,147987,177954
2426,14,0,38,270,6680,4091,68,12879,15531,145969,178538
2426,15,0,38,270,7030,4433,68,14131,16525,143836,178993
2427,-1,1,8,280,32318,27738,637,92616,63721,0,184712
2427,1,0,1,0,13,0,1,0,0,398,399
2427,2,0,2,0,107,2,10,10,75,3805,3902
2427,3,0,9,300,761,130,50,284,692,26636,27792
2427,4,0,17,300,1372,335,73,944,1504,49413,52269
2427,5,0,33,300,3073,1059,82,3095,3427,110541,118204
2427,6,0,51,300,5641,2452,179,6150,6191,183003,197975
2427,7,0,35,300,4727,2414,235,5200,4569,119412,131830
2427,8,0,35,300,5254,2928,236,6362,5030,117873,132429
2427,9,0,36,300,5743,3412,238,7459,5542,115934,132585
2427,10,0,36,300,6206,3873,238,8457,6183,113928,132679
2427,11,0,35,300,6636,4303,238,9392,6902,111844,132679
2427,12,0,35,300,7066,4732,238,10262,7686,109760,132678
2427,13,0,35,300,7463,5128,238,11091,8544,107676,132677
2427,14,0,37,300,7885,5549,238,11944,9353,105592,132676
2427,15,0,37,300,8246,5909,238,12839,10181,103508,132675
2428,-1,14,24,333,440654,388821,9020,1311015,550148,0,2259004
2428,1,0,1,0,3,0,0,0,1,66,67
2428,2,0,2,0,13,0,0,0,15,324,339
2428,3,0,1,0,21,0,0,18,27,456,501
2428,4,0,1,0,29,0,0,53,38,610,701
2428,5,0,45,360,6385,3293,381,2969,4171,111759,122573
2428,6,1,43,333,17561,10498,822,7747,12018,259519,290604
2428,7,0,36,333,5379,3161,309,4354,3538,85292,96654
2428,8,2,50,333,28714,17820,1699,20323,24417,390355,454614
2428,9,2,51,333,31091,20196,1699,24863,26681,381174,454613
2428,10,2,52,333,33066,22170,1699,29786,28964,371993,454612
2428,11,2,51,333,35001,24102,1699,34785,31211,362812,454609
2428,12,2,47,333,36993,26091,1699,39470,33715,353631,454606
2428,13,2,51,333,39141,28238,1699,43641,36577,344450,454605
2428,14,2,53,333,41322,30416,1699,47682,39536,335269,454602
2428,15,2,54,333,43499,32591,1699,51629,42591,326090,454600
2429,-1,8,52,360,258899,228481,5465,826980,311681,0,1372607
2429,1,0,1,0,3,0,0,0,1,66,67
2429,2,0,1,0,25,0,0,2,25,763,790
2429,3,0,2,0,34,0,0,28,43,968,1039
2429,4,0,1,0,59,0,0,98,83,1689,1870
2429,5,0,3,0,155,1,1,281,334,4097,4714
2429,6,0,6,400,490,82,16,865,991,12323,14277
2429,7,0,8,400,645,102,17,1435,1580,16220,19354
2429,8,0,16,380,2002,883,95,3333,2799,35363,42473
2429,9,0,17,380,2176,1042,95,3992,3099,34715,42943
2429,10,0,18,380,2335,1200,95,4557,3404,33686,42942
2429,11,0,16,380,2498,1362,95,5127,3700,32657,42941
2429,12,0,18,380,2660,1523,95,5697,3997,31628,42940
2429,13,0,17,380,2802,1665,95,6255,4326,30599,42940
2429,14,0,18,380,2951,1813,95,6786,4675,29570,42939
2429,15,0,17,380,3097,1958,95,7366,4975,28544,42938
2430,-1,76,12,310,2103421,1843347,41542,4424656,3504213,0,9813758
2430,1,0,1,0,5,0,0,0,1,150,151
2430,2,0,1,0,26,0,0,1,27,922,950
2430,3,0,7,350,525,100,34,169,473,18185,18961
2430,4,0,19,350,1735,528,152,782,1691,44567,47720
2430,5,0,43,333,4752,2005,253,2937,4761,101593,111549
2430,6,7,25,317,59222,31018,4123,27262,57888,980708,1100999
2430,7,25,24,317,235809,138922,15703,96364,235939,3304524,3791452
2430,8,8,40,300,88738,56300,5478,47927,78837,1007561,1196103
2430,9,9,56,300,108613,72300,6124,62666,100248,1109968,1351306
2430,10,12,37,300,147207,102025,7584,89495,139034,1367669,1705807
2430,11,12,47,300,156966,111725,7591,103813,153080,1332063,1708272
2430,12,12,55,300,165519,120277,7591,119152,166811,1294440,1708271
2430,13,13,2,300,173447,128204,7591,134699,180959,1256817,1708270
2430,14,13,2,300,180989,135745,7591,149856,195883,1219194,1708269
2430,15,12,59,300,188648,143404,7591,164366,211337,1181571,1708269
2431,-1,0,15,280,5978,4894,136,23087,15175,0,43292
2431,1,0,1,0,5,0,1,0,0,85,86
2431,2,0,4,0,185,4,2,22,153,7925,8106
2431,3,0,7,282,625,119,46,176,564,21335,22240
2431,4,0,11,280,1228,355,78,687,1213,41158,43491
2431,5,0,15,280,1841,663,117,1502,1882,52067,56231
2431,6,0,17,280,2145,839,131,2503,2312,55971,61756
2431,7,0,18,280,2393,1007,136,3656,2581,57879,65259
2431,8,0,18,280,2495,1108,136,4727,2640,56647,65258
2431,9,0,18,280,2598,1211,136,5775,2721,55415,65258
2431,10,0,18,280,2696,1306,136,6767,2863,54183,65255
2431,11,0,18,280,2890,1496,136,7468,3200,52951,65251
2431,12,0,18,280,3123,1729,136,8037,3630,51719,65251
2431,13,0,19,280,3412,2014,136,8496,4114,50487,65247
2431,14,0,19,280,3752,2353,136,8873,4629,49255,65246
2431,15,0,19,280,4105,2704,136,9231,5150,48023,65244
2432,-1,0,4,280,1152,958,42,4175,1126,0,6301
2432,1,0,1,0,3,0,0,0,1,60,61
2432,2,0,3,0,164,3,0,6,154,10603,10766
2432,3,0,2,280,75,15,2,26,73,3605,3721
2432,4,0,1,280,91,27,2,66,91,3870,4056
2432,5,0,2,280,93,31,2,95,112,3654,3894
2432,6,0,2,280,98,36,2,129,133,3594,3894
2432,7,0,1,280,71,34,2,89,84,1578,1787
2432,8,0,2,280,90,42,2,151,125,2364,2684
2432,9,0,2,280,94,45,2,175,142,2319,2683
2432,10,0,1,280,104,55,2,196,156,2274,2683
2432,11,0,2,280,105,56,2,221,175,2229,2683
2432,12,0,2,280,115,66,2,242,189,2184,2683
2432,13,0,1,280,123,74,2,266,202,2139,2683
2432,14,0,2,280,129,80,2,276,231,2094,2683
2432,15,0,1,280,136,87,2,299,246,2049,2683
2433,-1,7,15,335,273254,247285,5948,561761,217346,0,1032340
2433,1,0,2,0,3,0,0,0,1,66,67
2433,2,0,1,0,13,0,0,0,15,324,339
2433,3,0,2,0,21,0,0,18,27,456,501
2433,4,0,2,0,29,0,0,53,38,610,701
2433,5,0,5,385,457,203,14,243,470,9037,9967
2433,6,1,47,350,13468,6393,1197,6699,14993,254381,283663
2433,7,0,50,350,8484,5166,632,4530,5682,115487,131497
2433,8,1,36,350,18691,12402,1323,10678,10205,214503,249111
2433,9,1,33,350,20591,14260,1327,12818,11435,211324,251164
2433,10,1,38,350,22556,16185,1335,14996,12594,207906,253016
2433,11,1,37,350,24449,18077,1335,16970,13741,202892,253015
2433,12,1,39,350,26274,19901,1335,18941,14959,197878,253014
2433,13,1,38,350,28150,21777,1335,20862,16176,192864,253014
2433,14,1,39,350,30068,23693,1335,22777,17357,187850,253012
2433,15,1,39,350,31938,25565,1335,24620,18626,182706,252852
2434,-1,5,19,350,152200,133366,3641,418806,212144,0,767957
2434,1,0,1,0,3,0,0,0,1,60,61
2434,2,0,2,420,45,7,0,5,24,1818,1854
2434,3,0,3,400,185,47,19,45,121,5816,6048
2434,4,0,5,385,331,100,48,150,227,8823,9348
2434,5,0,19,360,2110,876,275,938,1707,44609,48405
2434,6,1,43,350,13760,6595,1427,8490,12136,256876,285524
2434,7,1,16,350,11596,6366,1007,7135,10773,186620,211901
2434,8,1,20,350,13048,7599,1051,9699,12371,190005,220725
2434,9,1,21,350,14312,8784,1055,11918,13817,186977,222551
2434,10,1,21,350,15351,9820,1055,14121,15024,182528,222548
2434,11,1,21,350,16431,10898,1055,16006,16508,178079,222546
2434,12,1,21,350,17509,11975,1055,17975,17910,173630,222545
2434,13,1,22,350,18647,13109,1055,19775,19421,169181,222541
2434,14,1,21,350,19790,14251,1055,21619,20883,164732,222540
2434,15,1,23,350,20944,15403,1055,23392,22403,160285,222538
2437,-1,0,31,265,14395,12354,291,36412,31782,0,80839
2437,1,0,2,0,3,0,0,0,1,80,81
2437,2,0,1,0,12,0,0,0,14,352,366
2437,3,0,1,0,13,1,0,12,14,339,366
2437,4,0,2,0,14,2,0,24,14,326,366
2437,5,0,2,0,20,3,0,49,21,448,521
2437,6,0,12,270,1040,313,70,966,1930,27134,30413
2437,7,0,28,268,2873,1225,147,2633,4965,61818,70788
2437,8,0,31,268,3516,1699,152,3504,6242,67316,78913
2437,9,0,32,268,4044,2148,154,4329,7230,70491,84352
2437,10,0,33,268,4415,2503,154,5050,8031,69422,85160
2437,11,0,34,268,4964,2961,154,6131,9118,72842,91206
2437,12,0,34,268,5352,3346,154,6848,9886,71111,91345
2437,13,0,35,268,5729,3723,154,7551,10646,69271,91345
2437,14,0,34,268,6114,4107,154,8208,11444,67431,91344
2437,15,0,34,268,6453,4443,154,8919,12234,65591,91341
2438,-1,0,2,310,340,275,6,1562,569,0,2412
2438,1,0,1,0,3,0,0,0,1,60,61
2438,2,0,1,0,9,0,0,0,11,200,211
2438,3,0,1,0,12,0,0,10,17,235,262
2438,4,0,1,0,20,0,0,35,29,398,462
2438,5,0,1,0,37,2,1,66,72,662,803
2438,6,0,3,330,265,97,16,317,318,5351,6099
2438,7,0,7,310,875,367,40,1116,1221,23437,26181
2438,8,0,8,310,956,447,40,1359,1363,23036,26245
2438,9,0,7,310,1065,555,40,1548,1533,22642,26318
2438,10,0,7,310,1204,683,40,1739,1743,22694,26899
2438,11,0,8,310,1325,803,40,1905,1924,22226,26898
2438,12,0,7,310,1458,923,40,2115,2145,22312,27535
2438,13,0,8,310,1558,1019,40,2325,2337,21977,27698
2438,14,0,7,310,1636,1094,40,2579,2511,21640,27864
2438,15,0,8,310,1689,1145,40,2850,2665,21162,27862
2440,-1,8,29,295,127651,95982,2289,654421,675245,0,1427937
2440,1,0,1,0,12,0,0,0,1,408,409
2440,2,0,7,0,401,0,0,97,306,18660,19063
2440,3,1,20,335,5281,254,64,3161,6441,227936,237856
2440,4,6,19,310,25274,2409,308,23967,40947,1070531,1138162
2440,5,14,22,310,62755,11638,998,69581,118199,2281760,2482176
2440,6,21,49,300,104742,25144,1519,142946,220708,3472150,3862467
2440,7,15,3,300,71722,19681,783,129996,157017,2298115,2605592
2440,8,24,25,300,126523,41845,1180,251606,289757,3686246,4270634
2440,9,4,39,300,25132,9198,455,49505,64653,683449,807260
2440,10,5,19,300,30746,12649,464,63437,82103,763000,921653
2440,11,5,52,300,35462,15700,468,77154,99569,820132,1013023
2440,12,6,3,300,38540,18019,468,87413,114629,834422,1054951
2440,13,6,7,300,40237,19470,468,95803,127775,825134,1068650
2440,14,6,13,300,41228,20444,468,103625,139479,805485,1069501
2440,15,6,16,300,41990,21204,468,112160,150491,785176,1069499
2441,-1,0,4,310,1449,1159,38,7148,3153,0,11498
2441,1,0,2,0,3,0,0,0,1,60,61
2441,2,0,1,0,18,0,2,0,16,488,506
2441,3,0,1,0,31,2,3,10,40,771,826
2441,4,0,3,330,202,48,22,114,208,6575,6967
2441,5,0,19,330,2733,1454,207,1075,1547,47353,51636
2441,6,0,30,310,4926,2766,388,2744,2944,75129,83971
2441,7,0,16,310,2507,1344,235,2295,1665,39521,45060
2441,8,0,15,310,2835,1672,235,2667,1888,38598,45060
2441,9,0,16,310,3219,2056,235,2983,2111,37675,45060
2441,10,0,17,310,3582,2419,235,3330,2324,36752,45060
2441,11,0,16,310,3893,2730,235,3712,2554,35829,45060
2441,12,0,17,310,4210,3046,235,4113,2759,34906,45059
2441,13,0,16,310,4482,3317,235,4551,2972,33983,45058
2441,14,0,18,310,4771,3605,235,4982,3175,33060,45057
2441,15,0,17,310,5015,3849,235,5404,3432,32137,45057
2442,-1,0,32,330,12954,10912,342,59145,17397,0,87796
2442,1,0,1,0,3,0,0,0,1,60,61
2442,2,0,1,0,9,0,0,0,11,200,211
2442,3,0,1,0,12,0,0,10,17,235,262
2442,4,0,1,0,20,0,0,35,29,398,462
2442,5,0,1,0,39,1,1,68,83,719,872
2442,6,0,3,335,276,107,9,324,312,6315,7067
2442,7,0,3,335,360,154,26,448,444,6278,7350
2442,8,0,4,335,388,182,26,545,497,6100,7350
2442,9,0,3,335,434,222,26,633,595,5984,7460
2442,10,0,4,335,457,245,26,725,664,5800,7460
2442,11,0,3,335,477,265,26,836,717,5616,7460
2442,12,0,3,335,493,281,26,949,772,5432,7460
2442,13,0,4,335,521,309,26,1047,830,5248,7460
2442,14,0,3,335,543,331,26,1141,898,5064,7460
2442,15,0,4,335,572,360,26,1232,960,4882,7460
2443,-1,0,2,200,321,288,0,575,376,0,1239
2443,1,0,1,0,5,0,0,0,1,124,125
2443,2,0,3,0,201,0,0,16,187,9895,10098
2443,3,0,10,200,965,12,0,322,1572,52931,54837
2443,4,0,3,200,212,19,0,140,420,10268,10847
2443,5,0,2,200,103,21,0,117,190,4459,4787
2443,6,0,2,200,137,39,0,180,271,5305,5795
2443,7,0,2,200,162,53,0,242,358,5836,6489
2443,8,0,3,200,188,74,0,305,417,6028,6824
2443,9,0,2,200,241,90,0,489,626,8112,9317
2443,10,0,3,200,259,108,0,535,712,7962,9317
2443,11,0,2,200,207,97,2,469,463,6219,7250
2443,12,0,3,200,227,114,2,536,503,6258,7413
2443,13,0,2,200,232,117,2,587,578,6294,7578
2443,14,0,2,200,251,134,2,631,650,6313,7730
2443,15,0,2,200,264,146,2,673,704,6204,7729
2444,-1,0,13,255,7767,6997,189,11204,6044,0,24434
2444,1,0,2,0,3,0,0,0,1,76,77
2444,2,0,1,0,37,4,2,3,24,1144,1177
2444,3,0,2,0,44,10,2,28,27,1159,1226
2444,4,0,2,0,48,14,2,56,28,1126,1226
2444,5,0,3,260,285,111,9,233,307,8472,9132
2444,6,0,3,260,270,131,16,298,158,4815,5418
2444,7,0,4,260,451,245,34,472,266,6548,7565
2444,8,0,6,260,998,622,87,837,459,10519,12524
2444,9,0,6,260,1215,791,104,1087,557,11150,13689
2444,10,0,7,260,1324,900,104,1232,620,10833,13689
2444,11,0,7,260,1425,1001,104,1389,679,10516,13689
2444,12,0,6,260,1509,1085,104,1554,747,10199,13689
2444,13,0,7,260,1617,1193,104,1683,827,9882,13689
2444,14,0,7,260,1713,1289,104,1826,905,9565,13689
2444,15,0,6,260,1804,1380,104,1977,980,9248,13689
2446,-1,0,38,262,20287,17322,164,67946,62917,0,148349
2446,1,0,2,0,3,0,0,0,1,66,67
2446,2,0,7,0,666,44,58,76,388,28213,28779
2446,3,0,13,266,1263,193,72,405,1314,54619,56603
2446,4,0,21,266,2050,392,103,1481,2665,88119,92760
2446,5,0,28,266,2984,696,154,3518,4093,120298,128759
2446,6,0,34,266,3941,1082,201,6292,5613,149027,162215
2446,7,0,38,266,4594,1461,216,8877,6807,162387,179748
2446,8,0,39,266,5261,2060,219,10696,7713,163377,184065
2446,9,0,39,266,5960,2723,219,12178,8742,162207,186069
2446,10,0,41,266,6695,3444,219,13502,9799,159946,186910
2446,11,0,42,266,7443,4180,219,14850,10812,157560,187621
2446,12,0,41,266,8221,4946,219,16260,11741,155075,188241
2446,13,0,42,266,8990,5712,219,17647,12629,152176,188383
2446,14,0,42,266,9768,6486,219,19027,13519,149277,188528
2446,15,0,45,266,10513,7228,219,20371,14452,146255,188525
2447,-1,2,11,310,77975,69176,1823,171627,68998,0,311624
2447,1,0,1,0,3,0,0,0,1,60,61
2447,2,0,1,0,28,0,0,5,25,976,1006
2447,3,0,7,350,416,15,13,181,567,20238,21014
2447,4,1,30,350,6475,845,530,4270,9643,265887,281175
2447,5,3,10,310,20626,7509,1614,10441,26398,541878,587840
2447,6,5,30,310,42641,19525,3446,24988,50331,888028,986318
2447,7,9,58,310,91514,49057,7005,56314,100258,1596201,1808835
2447,8,10,20,310,106474,62833,7224,67840,116964,1602068,1856929
2447,9,10,56,310,122773,77456,7397,81519,136913,1640930,1944215
2447,10,10,46,310,134212,89658,7262,90478,148126,1569891,1905415
2447,11,10,36,310,146538,101954,7262,102344,161523,1533840,1906923
2447,12,10,55,310,158054,113471,7262,116085,173587,1496447,1906852
2447,13,10,40,310,168422,123839,7262,131855,184759,1459137,1906852
2447,14,10,49,310,177508,132925,7262,148905,195933,1421827,1906852
2447,15,11,13,310,185766,141181,7262,166249,207640,1384518,1906850
2449,-1,10,52,280,200958,157407,2480,732679,1043810,0,1936376
2449,1,0,2,0,6,0,0,0,1,176,177
2449,2,0,9,0,545,0,9,71,458,23210,23748
2449,3,0,41,330,3089,196,181,1007,4040,117765,123189
2449,4,1,37,310,7976,969,384,4712,13796,287359,307220
2449,5,1,16,300,6741,1286,351,6293,12471,223951,244352
2449,6,2,9,300,12051,2963,572,15026,23995,366696,409252
2449,7,4,1,300,24424,7187,1057,34834,53966,672538,769582
2449,8,5,32,290,35531,12281,1435,55944,82979,889624,1042263
2449,9,5,44,290,39292,15302,1449,66610,96892,897630,1077883
2449,10,5,49,290,42517,18426,1450,75750,108049,879147,1082822
2449,11,5,50,290,45817,21725,1450,83903,119227,856516,1082821
2449,12,5,50,290,49550,25458,1450,91340,130688,833885,1082821
2449,13,5,54,290,53383,29291,1450,98455,142371,811254,1082821
2449,14,5,59,290,57353,33261,1450,105356,154131,788623,1082821
2449,15,6,5,290,61211,37119,1450,112240,166020,765992,1082821
2450,-1,1,49,375,65792,59702,1447,176996,33700,0,271845
2450,1,0,1,0,3,0,0,0,1,60,61
2450,2,0,1,0,9,0,0,0,11,200,211
2450,3,0,1,0,12,0,0,10,17,235,262
2450,4,0,1,0,20,0,0,35,29,398,462
2450,5,0,1,0,39,1,1,68,83,719,872
2450,6,0,4,392,518,268,18,379,423,9238,10326
2450,7,0,6,390,882,488,54,759,633,13907,15841
2450,8,0,6,390,985,588,54,923,698,13597,15860
2450,9,0,7,390,1227,775,58,1205,886,14885,17809
2450,10,0,7,390,1327,870,58,1369,1030,14593,17920
2450,11,0,8,390,1591,1088,76,1505,1167,14979,18815
2450,12,0,8,390,1690,1186,76,1658,1302,14592,18814
2450,13,0,8,390,1801,1295,76,1814,1422,14205,18812
2450,14,0,8,390,1899,1392,76,1965,1560,13818,18811
2450,15,0,8,390,1987,1477,76,2151,1671,13433,18808
2451,-1,4,22,375,97571,81796,2833,363752,152414,0,600795
2451,1,0,1,0,3,0,0,0,1,66,67
2451,2,0,1,0,25,0,0,2,25,763,790
2451,3,0,1,0,34,0,0,28,43,968,1039
2451,4,0,1,0,59,0,0,98,83,1689,1870
2451,5,0,3,455,217,23,0,350,398,5769,6540
2451,6,0,7,430,582,119,11,909,1215,12991,15245
2451,7,0,13,400,1317,458,76,1962,2110,28779,33385
2451,8,0,14,400,1707,711,99,2781,2558,28449,34598
2451,9,0,12,400,1839,828,100,3341,2854,27920,35043
2451,10,0,15,400,1967,955,100,3796,3163,27028,35042
2451,11,0,15,400,2088,1076,100,4229,3501,26136,35042
2451,12,0,14,400,2201,1188,100,4673,3836,25244,35041
2451,13,0,15,400,2327,1313,100,5081,4194,24352,35040
2451,14,0,15,400,2433,1416,100,5503,4558,23460,35037
2451,15,0,16,400,2529,1509,100,5998,4856,22571,35034
2452,-1,0,7,266,3448,2859,93,8706,8586,0,20244
2452,1,0,0,0,5,0,0,0,1,108,109
2452,2,0,2,0,151,1,0,14,137,8065,8217
2452,3,0,2,280,295,66,34,60,227,7435,7822
2452,4,0,7,280,847,265,83,328,817,18282,19775
2452,5,0,7,270,998,364,86,748,979,19803,21980
2452,6,0,7,270,1143,506,86,963,1164,19258,21977
2452,7,0,8,270,1288,647,86,1143,1397,18866,22139
2452,8,0,7,270,1405,764,86,1390,1579,18320,22139
2452,9,0,8,270,1564,920,86,1610,1746,17774,22136
2452,10,0,7,270,1752,1107,86,1714,2000,17228,22135
2452,11,0,8,270,1914,1264,86,1809,2300,16750,22209
2452,12,0,7,270,2056,1402,86,1925,2613,16329,22355
2452,13,0,8,270,2190,1536,86,2027,2926,15780,22355
2452,14,0,8,270,2290,1636,86,2218,3184,15231,22355
2452,15,0,8,270,2364,1710,86,2516,3361,14682,22355
2453,-1,2,42,300,44690,33415,630,243890,237475,0,515410
2453,1,0,2,0,7,0,0,0,1,176,177
2453,2,0,3,0,135,0,0,16,121,5298,5435
2453,3,0,31,330,2105,73,47,781,3060,91649,95610
2453,4,2,6,310,10537,1658,320,6441,17202,391472,417093
2453,5,2,29,300,13443,3270,490,11464,23433,436915,475572
2453,6,3,13,293,18882,5556,792,22386,33816,561326,623876
2453,7,4,2,293,25285,9002,1072,37611,43433,672999,764117
2453,8,3,22,293,22803,8777,778,42852,40191,565857,658455
2453,9,3,26,293,24385,10248,785,50759,44850,556745,663387
2453,10,3,31,293,26103,11724,798,58312,51191,552144,674169
2453,11,3,33,293,27579,13179,802,64097,57666,539120,674864
2453,12,3,33,293,29206,14805,802,69224,64488,525544,674863
2453,13,3,40,293,30748,16346,802,74321,71425,511968,674862
2453,14,3,38,293,32412,18009,802,79490,78168,498392,674861
2453,15,3,40,293,34041,19637,802,84550,85055,484816,674860
2456,-1,1,57,268,37134,29834,1031,124452,148433,0,303750
2456,1,0,2,0,3,0,0,0,1,74,75
2456,2,0,1,0,46,0,0,5,43,1644,1692
2456,3,0,4,300,181,11,3,96,224,7223,7557
2456,4,0,8,300,533,100,23,356,747,19239,20465
2456,5,1,0,290,5610,1807,335,3256,8469,157581,171448
2456,6,2,13,270,13817,4896,1342,8519,23066,334042,371865
2456,7,2,49,270,18644,7082,1708,13732,36496,421780,480798
2456,8,3,27,270,23787,9854,2013,19970,51433,498105,581375
2456,9,3,51,270,28191,12784,2212,25867,64451,536354,641668
2456,10,4,9,270,32401,15843,2384,31749,77266,560404,687646
2456,11,4,12,270,35212,18452,2402,36172,86153,553174,696353
2456,12,4,18,270,37914,21015,2419,40701,94695,543370,702200
2456,13,4,19,270,40426,23514,2419,44827,102655,529327,702742
2456,14,4,18,270,42896,25983,2419,49146,110320,514873,702741
2456,15,4,18,270,45328,28414,2419,53654,117834,500419,702740
2457,-1,2,22,335,26493,17525,1112,249800,158213,0,426650
2457,1,0,1,0,3,0,0,0,1,60,61
2457,2,0,1,0,12,0,0,0,14,344,358
2457,3,0,1,0,15,0,0,14,19,376,409
2457,4,0,2,0,32,0,0,59,41,954,1054
2457,5,0,3,0,168,4,0,293,364,6298,6959
2457,6,0,5,0,381,13,8,847,938,14671,16477
2457,7,0,9,400,669,65,8,1710,1757,24171,27711
2457,8,0,15,400,1106,131,10,3330,3218,39735,46424
2457,9,0,27,400,2282,274,18,7926,7609,78592,94419
2457,10,0,24,400,2239,555,62,6654,7223,63978,78472
2457,11,0,29,400,2749,727,74,9141,9412,75662,95016
2457,12,0,35,350,3677,1217,111,12204,12085,91191,116808
2457,13,0,48,350,5001,1830,145,17227,16752,115634,151588
2457,14,0,57,350,6151,2385,163,22425,21452,134336,180761
2457,15,1,3,350,6950,2885,188,26046,24653,141261,195033
2458,-1,0,20,240,9046,7868,121,32137,25711,0,65837
2458,1,0,2,0,6,0,0,0,1,182,183
2458,2,0,2,0,116,0,0,11,107,4939,5057
2458,3,0,4,260,255,40,9,116,244,8862,9271
2458,4,0,4,260,342,86,11,273,361,10388,11119
2458,5,0,6,260,459,103,17,501,730,17714,19065
2458,6,0,5,260,621,237,29,775,734,14951,16726
2458,7,0,8,260,1043,481,52,1331,1195,20709,23768
2458,8,0,8,260,1209,621,52,1674,1395,21142,24884
2458,9,0,8,260,1277,687,52,2021,1523,20670,24953
2458,10,0,9,260,1351,755,52,2383,1682,20487,25359
2458,11,0,8,260,1457,859,52,2704,1818,20063,25496
2458,12,0,8,260,1594,996,52,2928,2000,19520,25496
2458,13,0,9,260,1753,1155,52,3089,2223,18977,25496
2458,14,0,9,260,1931,1333,52,3207,2470,18434,25496
2458,15,0,9,260,2234,1594,52,3486,2881,19213,27226
2459,-1,9,59,320,243294,205910,5694,831900,423062,0,1466566
2459,1,0,1,0,5,0,1,0,0,85,86
2459,2,0,3,0,115,4,6,11,86,5375,5482
2459,3,0,5,0,302,29,20,150,310,12521,13030
2459,4,0,16,0,1106,182,58,1076,1286,41543,44145
2459,5,1,30,333,8063,2454,467,7413,10204,250558,271096
2459,6,2,12,330,15391,6804,901,14273,16404,336525,374907
2459,7,2,56,330,22573,11315,1225,23370,24224,429323,489457
2459,8,3,22,330,28480,15627,1418,31728,31174,480155,560102
2459,9,3,23,330,30783,17835,1428,38304,34464,472292,564323
2459,10,3,27,330,32799,19849,1428,44286,37971,460787,564321
2459,11,3,24,330,34804,21853,1428,49754,42003,449282,564320
2459,12,3,26,330,36724,23773,1428,55094,46248,437777,564320
2459,13,3,24,330,38491,25540,1428,60078,51002,426272,564320
2459,14,3,27,330,40092,27141,1428,65009,55975,414767,564320
2459,15,3,29,330,41602,28650,1428,69931,61046,403264,564319
2460,-1,0,2,300,630,536,18,2268,441,0,3263
2460,1,0,1,0,3,0,0,0,1,60,61
2460,2,0,1,0,9,0,0,0,11,200,211
2460,3,0,2,0,12,0,0,10,17,235,262
2460,4,0,1,0,20,0,0,35,29,398,462
2460,5,0,1,0,37,2,1,66,72,662,803
2460,6,0,32,300,4030,1570,302,4289,4617,107088,117866
2460,7,0,22,300,2971,1344,171,4006,3144,62297,70962
2460,8,0,20,300,3103,1475,171,4772,3691,60852,70961
2460,9,0,21,300,3377,1749,171,5282,4352,59407,70961
2460,10,0,22,300,3725,2095,171,5666,5065,57962,70959
2460,11,0,21,300,4119,2489,171,5988,5794,56517,70959
2460,12,0,22,300,4543,2913,171,6329,6474,55072,70959
2460,13,0,22,300,4974,3344,171,6763,7054,53627,70959
2460,14,0,22,300,5353,3723,171,7237,7646,52182,70959
2460,15,0,22,300,5717,4087,171,7798,8166,50737,70959
2464,-1,9,21,295,96408,59756,2533,948701,751554,0,1762544
2464,1,0,1,0,5,0,1,0,0,85,86
2464,2,0,5,0,323,0,1,27,296,15005,15329
2464,3,0,31,0,2252,71,1,956,3335,100299,104662
2464,4,1,50,290,8056,354,27,7627,15013,352804,375825
2464,5,4,13,280,18257,974,52,28173,39700,796241,865140
2464,6,5,5,280,23124,2132,137,46704,55254,942389,1046616
2464,7,3,34,280,16172,1312,171,43513,43088,673419,761503
2464,8,3,35,280,17206,2146,179,52687,49057,667790,771859
2464,9,4,9,280,20452,3472,182,68874,61754,735707,869989
2464,10,5,5,280,25911,5194,198,94202,84963,872750,1057307
2464,11,5,35,280,30078,7231,204,114976,103827,938098,1164336
2464,12,5,49,280,33366,9497,205,131873,118495,955865,1215935
2464,13,5,54,280,35704,11599,205,144101,130615,941394,1227914
2464,14,5,58,280,37635,13433,205,154872,143135,921230,1232875
2464,15,6,0,280,38907,14686,205,164931,156048,897937,1233807
2465,-1,72,49,350,1392576,1159924,22149,4497852,3816349,0,9496274
2465,1,0,1,0,8,0,0,0,1,255,256
2465,2,0,2,350,67,3,1,7,50,2916,2977
2465,3,0,4,350,246,25,9,132,255,9465,9886
2465,4,0,19,350,1354,232,65,1133,1733,47670,50833
2465,5,0,48,350,4065,1178,195,3726,5654,115547,126300
2465,6,2,22,350,13164,4846,580,13708,19538,319618,358290
2465,7,4,45,350,28561,12119,1301,30682,46722,602283,693107
2465,8,7,11,350,46031,21271,1900,52985,83838,879244,1039238
2465,9,7,58,350,54001,26946,2074,66836,103962,936425,1136243
2465,10,8,21,350,60549,31959,2249,80572,122255,960412,1197447
2465,11,8,17,350,64032,35260,2258,91478,136106,940632,1205734
2465,12,8,36,350,67087,38274,2258,102389,149130,915558,1207609
2465,13,8,29,350,70018,41205,2258,113455,161683,889008,1207609
2465,14,8,37,350,72983,44169,2258,124648,174075,862458,1207608
2465,15,8,40,350,75832,47018,2258,136063,186359,835910,1207608
2466,-1,6,0,335,94700,73955,2640,571849,345564,0,994008
2466,1,0,1,0,5,0,0,0,1,150,151
2466,2,0,2,0,26,0,0,1,27,922,950
2466,3,0,2,0,56,0,0,53,62,2053,2168
2466,4,0,2,0,70,0,0,131,83,2464,2678
2466,5,0,3,0,164,2,0,406,245,5626,6279
2466,6,0,7,0,488,7,0,1528,876,18428,20839
2466,7,0,15,0,1307,216,34,3516,2582,41939,48287
2466,8,0,31,380,2855,724,108,7103,6184,84233,98352
2466,9,0,36,350,3165,769,78,9622,7973,94302,112744
2466,10,0,44,350,3920,1026,88,13647,10369,111394,136524
2466,11,0,56,350,5491,1851,147,18679,14039,134241,168957
2466,12,0,59,350,5668,1794,127,22930,16192,141498,182541
2466,13,0,40,350,4123,1469,95,16736,11933,94065,124298
2466,14,1,5,350,8219,4302,262,23995,18416,135979,182954
2466,15,0,38,350,4145,1709,85,18093,12551,82079,114517
2467,-1,3,52,262,51023,34466,1299,435926,296289,0,767980
2467,1,0,1,0,8,0,0,0,1,241,242
2467,2,0,3,0,109,0,0,12,99,4736,4847
2467,3,0,4,0,233,4,3,98,350,9738,10193
2467,4,0,24,262,2277,467,86,1373,3234,101340,106500
2467,5,1,0,262,5137,968,125,4718,10235,259490,275536
2467,6,1,42,262,9225,2096,251,11889,19980,430091,464307
2467,7,2,18,262,13098,3347,442,21903,29930,556513,612135
2467,8,2,20,262,14482,4568,506,28084,32552,540293,606003
2467,9,2,22,262,16447,6201,552,34479,36200,542137,619569
2467,10,2,28,262,18135,7836,556,40025,39136,535248,622801
2467,11,2,24,262,19735,9415,556,45474,42047,526485,623977
2467,12,2,28,262,20987,10666,556,51189,44842,516803,624056
2467,13,2,31,262,21999,11678,556,57161,47609,507052,624056
2467,14,2,30,262,22803,12482,556,63360,50357,497301,624056
2467,15,2,30,262,23552,13231,556,69600,53119,487550,624056
2468,-1,7,43,375,208171,180817,4897,749830,307497,0,1243041
2468,1,0,1,0,3,0,0,0,1,66,67
2468,2,0,1,0,25,0,0,2,25,763,790
2468,3,0,1,0,34,0,0,28,43,968,1039
2468,4,0,2,0,59,0,0,98,83,1689,1870
2468,5,0,3,0,155,1,1,281,334,4097,4714
2468,6,0,6,400,559,112,23,911,1038,13844,15928
2468,7,0,10,400,771,163,30,1581,1693,19796,23263
2468,8,0,16,380,1814,752,78,3311,2641,34439,41221
2468,9,0,16,380,1964,886,78,3969,2920,33837,41690
2468,10,0,16,380,2114,1035,78,4523,3199,32854,41689
2468,11,0,16,380,2257,1176,78,5082,3480,31871,41687
2468,12,0,17,380,2403,1322,78,5626,3773,30888,41687
2468,13,0,17,380,2555,1473,78,6139,4091,29905,41686
2468,14,0,16,380,2706,1624,78,6614,4448,28922,41686
2468,15,0,17,380,2865,1781,78,7134,4749,27942,41684
2469,-1,6,22,314,144267,120537,2843,522416,302615,0,948411
2469,1,0,1,0,3,0,0,0,1,60,61
2469,2,0,2,0,27,0,0,2,27,872,901
2469,3,0,1,335,73,22,3,29,33,2078,2165
2469,4,0,3,333,328,117,17,167,261,8075,8637
2469,5,0,17,333,2373,1319,129,670,1557,42850,46525
2469,6,1,35,310,14509,7715,852,8125,12916,252809,282417
2469,7,1,50,310,18213,10249,969,13281,17351,285460,327310
2469,8,1,58,310,20665,12364,1000,17147,20442,290923,341876
2469,9,1,58,310,22267,13966,1000,20302,22966,283642,341876
2469,10,2,0,310,23765,15462,1000,23373,25678,276361,341874
2469,11,2,1,310,25095,16791,1000,26526,28476,269080,341873
2469,12,2,0,310,26225,17919,1000,29885,31268,261799,341871
2469,13,2,2,310,27321,19014,1000,33156,34182,254518,341870
2469,14,2,1,310,28349,20042,1000,36234,37357,247237,341870
2469,15,2,1,310,29362,21054,1000,39171,40686,239958,341869
2470,-1,7,54,280,98686,66664,886,686873,748109,0,1502532
2470,1,0,1,0,5,0,0,0,1,138,139
2470,2,0,3,0,112,0,0,11,103,4519,4633
2470,3,0,10,0,655,1,0,350,960,28797,30108
2470,4,0,41,330,3007,118,31,2417,6004,125494,134064
2470,5,2,47,310,14106,1984,295,12719,32305,502912,550215
2470,6,2,47,300,14534,2514,360,19189,36219,492179,550461
2470,7,9,44,300,48344,8833,1085,75864,144752,1647747,1878281
2470,8,15,9,300,77376,16929,1575,140883,252683,2511129,2923199
2470,9,16,35,300,88404,22792,1721,180986,305590,2666579,3177668
2470,10,17,40,300,97028,28410,1758,217923,353595,2729627,3331313
2470,11,18,6,300,104212,34212,1779,251697,394451,2718619,3400758
2470,12,18,24,300,110767,40098,1790,283878,431813,2674457,3432036
2470,13,18,22,300,116987,46270,1790,313257,465709,2607240,3434266
2470,14,18,31,300,123367,52645,1790,341469,500106,2538539,3434549
2470,15,18,7,300,130196,59474,1790,368113,535557,2469615,3434549
2471,-1,8,27,330,183908,155374,4607,697674,371667,0,1229322
2471,1,0,2,0,5,0,0,0,1,150,151
2471,2,0,2,0,26,0,0,1,27,922,950
2471,3,0,2,0,56,0,0,53,62,2053,2168
2471,4,0,2,0,70,0,0,131,83,2464,2678
2471,5,0,3,0,164,2,0,406,245,5626,6279
2471,6,0,7,0,488,7,0,1528,876,18428,20839
2471,7,0,14,350,1144,158,15,3344,2294,38350,44161
2471,8,0,31,350,3144,1040,107,6979,5819,84097,98042
2471,9,0,35,350,3563,1265,113,8984,7079,90144,107585
2471,10,0,38,350,3959,1511,118,11139,8148,94093,115009
2471,11,0,38,350,4202,1701,118,12953,8987,93775,117534
2471,12,0,38,350,4387,1869,118,14604,9719,91991,118301
2471,13,0,36,350,4464,2089,131,14882,9728,83238,110068
2471,14,0,35,350,4696,2321,131,16070,10544,81002,110068
2471,15,0,37,350,4908,2533,131,17355,11281,78768,110068
2472,-1,0,47,300,24082,21098,613,51175,28285,0,101171
2472,1,0,1,0,6,0,0,0,1,181,182
2472,2,0,2,333,47,7,0,5,28,1834,1874
2472,3,0,3,330,145,38,7,81,71,4515,4712
2472,4,0,3,330,288,102,18,221,159,6948,7448
2472,5,0,8,330,817,355,59,699,494,15367,16974
2472,6,0,17,310,2409,1305,188,1826,1243,33809,38371
2472,7,0,23,310,3983,2387,295,2793,2288,45457,53220
2472,8,0,31,310,5597,3580,378,3997,3412,56518,67885
2472,9,0,40,310,8223,5551,529,5422,5423,72836,89761
2472,10,0,43,310,9465,6628,561,6327,6714,74458,94688
2472,11,0,44,310,10117,7279,561,7146,7504,72258,94748
2472,12,0,43,310,10699,7860,561,8044,8275,70007,94747
2472,13,0,45,310,11290,8450,561,8912,9067,67756,94746
2472,14,0,45,310,11871,9028,561,9748,9901,65505,94743
2472,15,0,45,310,12419,9575,561,10626,10725,63255,94742
2473,-1,3,45,350,129290,116189,2591,294215,127666,0,540661
2473,1,0,2,0,3,0,0,0,1,60,61
2473,2,0,1,0,18,0,0,1,19,542,562
2473,3,0,3,400,168,43,8,47,118,5845,6061
2473,4,0,4,400,286,97,22,117,229,8029,8494
2473,5,0,24,380,3106,1495,351,1446,1613,62477,67382
2473,6,3,12,350,30465,17277,2074,16753,19142,548379,603625
2473,7,4,43,350,53119,33176,3325,31302,31540,804360,903703
2473,8,4,59,350,61116,40484,3429,39200,36786,818204,938103
2473,9,5,3,350,67165,46639,3425,44974,41317,796060,932415
2473,10,5,6,350,73079,52550,3425,51044,46383,779010,932412
2473,11,5,9,350,78512,57973,3425,57226,51829,762008,932461
2473,12,5,9,350,83725,63182,3425,63414,57479,744957,932457
2473,13,5,16,350,88937,68391,3425,69799,62920,727844,932379
2473,14,5,13,350,93954,73406,3425,76669,68083,710794,932377
2473,15,5,17,350,99002,78450,3425,83828,72924,693746,932373
2474,-1,0,3,300,1041,876,37,3973,971,0,5857
2474,1,0,1,0,3,0,0,0,1,60,61
2474,2,0,2,0,11,0,0,1,12,278,291
2474,3,0,1,0,14,0,0,13,18,311,342
2474,4,0,4,330,487,208,78,180,129,8505,9100
2474,5,0,7,300,966,455,117,567,412,18027,19578
2474,6,0,7,300,1006,495,117,893,435,17638,19578
2474,7,0,7,300,1037,525,117,1238,447,17250,19577
2474,8,0,7,300,1058,545,117,1594,458,16862,19576
2474,9,0,7,300,1086,572,117,1907,505,16474,19575
2474,10,0,7,300,1153,636,117,2184,559,16149,19645
2474,11,0,7,300,1239,719,117,2383,663,15760,19642
2474,12,0,7,300,1391,870,117,2559,724,15371,19641
2474,13,0,6,300,1555,1032,117,2713,795,14982,19639
2474,14,0,8,300,1735,1212,117,2828,889,14593,19639
2474,15,0,7,300,1882,1359,117,2940,1019,14204,19639
2477,-1,0,54,380,19914,16437,709,93771,28384,0,139301
2477,1,0,1,0,3,0,0,0,1,60,61
2477,2,0,1,0,9,0,0,0,11,200,211
2477,3,0,1,0,12,0,0,10,17,235,262
2477,4,0,1,0,20,0,0,35,29,398,462
2477,5,0,2,455,93,21,1,123,119,1818,2082
2477,6,0,2,420,136,33,7,196,226,2717,3179
2477,7,0,4,400,522,220,35,569,679,8640,10143
2477,8,0,5,400,563,257,35,706,761,8402,10161
2477,9,0,30,400,6688,4636,237,3680,5559,65933,80045
2477,10,0,31,400,7331,5272,237,4174,6231,64240,80154
2477,11,1,29,400,20095,14707,727,11881,18421,165219,210955
2477,12,1,18,400,17843,13049,703,12490,17853,138267,182362
2477,13,1,21,400,19728,14734,726,14380,20368,140903,191111
2477,14,1,22,400,20625,15624,726,16103,21994,136849,191296
2477,15,1,21,400,21541,16537,726,17660,23713,132657,191293
2478,-1,4,13,300,90549,75220,1530,358687,251364,0,686801
2478,1,0,1,0,3,0,0,0,1,60,61
2478,2,0,1,0,12,0,0,0,14,344,358
2478,3,0,1,0,15,0,0,14,19,376,409
2478,4,0,1,0,32,0,0,59,41,954,1054
2478,5,4,49,320,28509,11263,800,18261,35405,696712,762441
2478,6,10,28,310,61653,26186,1156,54384,89727,1430181,1601634
2478,7,13,19,310,88566,41648,2599,73207,148270,1919119,2184843
2478,8,17,40,310,138456,75219,4137,109927,224167,2470256,2883706
2478,9,18,30,310,150865,85023,4277,133849,269044,2500454,2992647
2478,10,18,21,310,155343,90210,4248,154109,299024,2412784,2960375
2478,11,18,14,310,161516,96084,4263,178139,332759,2364075,2975320
2478,12,18,46,310,167085,101584,4263,201626,365611,2305944,2979028
2478,13,18,23,310,172769,107266,4263,224395,398351,2244751,2979026
2478,14,18,35,310,178885,113379,4263,246160,431663,2183558,2979023
2478,15,18,17,310,185353,119845,4263,267274,465273,2122366,2979021
2479,-1,25,30,260,182047,90245,436,2161237,2629828,0,4881746
2479,1,0,1,0,6,0,0,0,1,194,195
2479,2,0,3,0,112,0,0,11,103,4752,4866
2479,3,0,6,0,384,0,0,238,533,15816,16587
2479,4,0,20,350,1501,52,3,1086,3193,58237,62571
2479,5,1,4,350,4830,162,4,5224,13256,196409,215055
2479,6,4,16,350,18790,478,13,29375,61611,775387,866864
2479,7,16,18,310,69082,2455,103,131048,265488,2801821,3200915
2479,8,15,34,300,66561,3824,117,159262,275087,2531708,2969998
2479,9,20,2,300,85920,6682,137,241532,384418,3139529,3772298
2479,10,24,27,300,105392,10204,151,339064,505870,3696846,4552135
2479,11,29,33,300,128354,15295,171,460657,652708,4268333,5397164
2479,12,33,57,300,152170,21779,181,598703,811545,4774690,6206898
2479,13,38,10,265,173525,29303,180,741839,957071,5147334,6875727
2479,14,40,27,265,192803,37639,190,882992,1093749,5374995,7389565
2479,15,43,25,265,208567,45245,191,1019360,1218939,5495084,7778819
2480,-1,0,31,268,13266,11195,436,36179,28210,0,76020
2480,1,0,1,0,3,0,0,0,1,76,77
2480,2,0,2,0,47,1,0,5,42,1685,1733
2480,3,0,4,300,199,28,11,102,179,6826,7146
2480,4,0,3,300,208,46,13,161,227,6378,6825
2480,5,0,8,280,707,216,55,507,941,19403,21122
2480,6,0,29,280,3267,1182,343,2602,4547,75419,84093
2480,7,1,18,270,10306,4461,1171,8042,14299,198667,226640
2480,8,0,51,270,7376,3608,671,6700,10610,127236,148825
2480,9,1,9,270,10596,5489,887,10839,16434,167851,201500
2480,10,1,11,270,11520,6403,887,12523,18133,164302,202248
2480,11,1,9,270,12487,7362,887,14097,19897,160653,202896
2480,12,1,12,270,13544,8416,887,15544,21618,156428,202893
2480,13,1,12,270,14563,9434,887,16960,23408,152203,202892
2480,14,1,10,270,15616,10487,887,18366,25174,147978,202892
2480,15,1,12,270,16595,11466,887,19954,26832,143753,202892
2481,-1,14,56,330,332042,278378,8415,1159902,594400,0,2041095
2481,1,0,1,0,3,0,0,0,1,66,67
2481,2,0,1,0,13,0,0,0,15,324,339
2481,3,0,1,0,21,0,0,18,27,456,501
2481,4,0,1,0,29,0,0,53,38,610,701
2481,5,0,21,375,2840,1412,240,1423,1677,46691,51443
2481,6,8,28,335,84845,48291,6614,29617,65148,1239260,1388930
2481,7,5,14,333,52939,32181,3425,29254,39095,701719,805674
2481,8,9,56,333,105136,66115,6900,70989,80801,1221528,1446333
2481,9,10,55,333,124524,81367,7732,94225,100028,1306122,1589474
2481,10,11,15,333,134985,90765,7928,113690,114191,1300412,1626986
2481,11,11,27,333,144849,99793,8089,132305,129412,1286980,1656579
2481,12,13,0,333,173303,122604,9365,161533,161094,1387202,1841798
2481,13,13,21,333,186082,134371,9587,181028,180417,1371479,1876882
2481,14,13,34,333,197844,145457,9743,200153,198927,1344840,1899120
2481,15,13,37,333,206843,154456,9743,217957,214759,1302205,1899120
2482,-1,0,10,300,3638,2868,141,12348,9186,0,24543
2482,1,0,1,0,3,0,0,0,1,60,61
2482,2,0,1,0,19,0,0,4,17,605,626
2482,3,0,20,0,1513,18,6,918,2039,97142,100123
2482,4,0,4,300,274,40,10,281,341,12166,12838
2482,5,0,5,300,412,65,12,477,776,17892,19222
2482,6,0,8,300,704,182,30,814,1422,25022,27470
2482,7,0,11,300,1107,309,40,1607,2486,38109,42551
2482,8,0,14,300,1454,519,40,2280,3256,44963,51058
2482,9,0,13,300,1737,783,40,2701,3542,44866,51932
2482,10,0,14,300,2078,1116,40,3140,3728,44487,52511
2482,11,0,14,300,2339,1388,40,3529,3851,42966,51774
2482,12,0,13,300,2503,1552,40,3873,4226,42083,51774
2482,13,0,14,300,2585,1634,40,4296,4604,41200,51774
2482,14,0,14,300,2643,1692,40,4745,4980,40317,51774
2482,15,0,14,300,2688,1737,40,5198,5365,39434,51774
2484,-1,1,32,300,21674,15202,281,173940,117174,0,306597
2484,1,0,1,0,3,0,0,0,1,66,67
2484,2,0,4,0,170,0,0,12,160,7446,7618
2484,3,0,8,0,552,2,4,206,883,25034,26129
2484,4,0,40,330,3090,185,55,2017,6285,132810,141352
2484,5,2,33,310,13508,1564,320,13106,31481,520825,567296
2484,6,6,10,300,33089,5054,847,45809,84200,1235929,1371839
2484,7,4,0,300,22355,3919,546,41932,60914,791945,899256
2484,8,5,14,300,30387,6431,787,69440,85467,1006411,1168536
2484,9,5,24,300,32619,7748,809,86881,96983,1020366,1212787
2484,10,5,36,300,34360,9001,815,102554,108432,1015978,1236780
2484,11,5,30,300,35662,10151,816,116232,119625,997319,1244143
2484,12,5,37,300,37026,11490,816,128505,130959,973521,1245291
2484,13,5,41,300,38536,12997,816,140220,142441,948814,1245288
2484,14,5,40,300,40252,14713,816,151473,154179,924107,1245288
2484,15,5,47,300,42185,16646,816,162086,166340,899400,1245288
2485,-1,0,25,220,12654,11004,169,34744,40309,0,86226
2485,1,0,1,0,4,0,0,0,1,96,97
2485,2,0,2,0,90,1,13,5,59,3185,3263
2485,3,0,3,0,150,21,13,71,130,5698,5933
2485,4,0,3,0,193,48,13,124,215,6764,7164
2485,5,0,4,0,248,93,13,174,288,7343,7911
2485,6,0,6,0,464,150,17,450,868,16491,17976
2485,7,0,9,245,810,258,27,1029,1807,33211,36332
2485,8,0,11,220,1003,357,26,1404,2455,38926,43168
2485,9,0,14,220,1229,462,29,2002,3273,46578,52344
2485,10,0,14,220,1421,565,30,2554,4131,51964,59244
2485,11,0,17,220,1658,693,38,3243,5104,57595,66673
2485,12,0,18,220,1948,870,53,3973,6121,63186,74203
2485,13,0,19,220,2072,980,53,4427,6715,62991,75166
2485,14,0,18,220,2161,1065,53,4827,7242,61975,75162
2485,15,0,19,220,2233,1135,53,5203,7810,60959,75160
2486,-1,38,33,350,1309863,1184278,23834,2625338,1532958,0,5366408
2486,1,0,2,0,5,0,0,0,1,110,111
2486,2,0,2,420,49,6,2,5,28,1769,1810
2486,3,0,3,400,132,26,10,60,84,4552,4732
2486,4,0,4,400,247,57,40,144,185,6208,6634
2486,5,0,9,400,1007,269,248,562,851,20531,22461
2486,6,1,59,362,17088,8656,1842,8849,13507,306539,339393
2486,7,4,1,362,37975,21272,3713,22174,30640,597146,674945
2486,8,7,49,360,81415,50226,6387,53039,63712,1134970,1308334
2486,9,10,3,360,115660,75430,8258,79924,91828,1425384,1680824
2486,10,11,11,360,137048,93205,8902,101787,110171,1534251,1848316
2486,11,11,41,360,151900,106898,9177,118594,123103,1536322,1894094
2486,12,12,18,360,170676,123571,9628,137911,140603,1561738,1973451
2486,13,12,31,360,182864,135719,9638,151656,152453,1525533,1974999
2486,14,12,36,360,194885,147738,9638,165239,164308,1488074,1974997
2486,15,12,32,360,207009,159859,9638,178351,176529,1450617,1974994
2487,-1,43,55,335,579430,434578,9794,2996053,2819200,0,6259625
2487,1,0,1,0,3,0,0,0,1,60,61
2487,2,0,1,0,9,0,0,0,11,200,211
2487,3,0,1,0,12,0,0,10,17,235,262
2487,4,0,1,0,20,0,0,35,29,398,462
2487,5,0,1,0,37,2,1,66,72,662,803
2487,6,4,57,0,26259,8232,978,19429,56612,664562,749813
2487,7,10,10,0,57543,21335,1907,52466,130104,1297605,1503417
2487,8,13,9,0,80785,33629,2353,82819,194826,1636422,1950049
2487,9,17,34,0,114646,51687,2911,129036,296756,2113007,2593397
2487,10,22,11,0,151320,72827,3673,194575,402311,2590110,3263496
2487,11,30,18,0,211876,106365,4827,297315,598339,3377557,4384403
2487,12,35,29,0,261237,137075,5496,389579,773182,3873567,5178899
2487,13,36,41,0,283954,154713,5691,441595,880607,3902052,5384658
2487,14,37,41,0,301938,169417,5803,492565,979555,3872633,5519973
2487,15,38,29,0,313006,180485,5803,533677,1054091,3745917,5519973
2488,-1,0,14,310,6570,5646,131,21142,8971,0,35890
2488,1,0,1,0,3,0,0,0,1,60,61
2488,2,0,3,0,112,0,0,30,84,5728,5842
2488,3,0,10,0,607,93,30,263,585,26476,27447
2488,4,0,44,360,3316,901,173,2067,3585,118125,124851
2488,5,1,40,310,9326,3615,440,6959,9995,270427,291436
2488,6,1,55,310,11617,5102,513,11059,13240,301943,331857
2488,7,1,51,310,11484,5282,558,14372,13504,279771,313487
2488,8,1,56,310,12623,6156,585,18676,15587,285998,327002
2488,9,2,0,310,13808,7147,603,22651,17862,288844,337107
2488,10,2,6,310,15250,8323,626,26509,21017,295418,351893
2488,11,2,8,310,16561,9464,640,29949,24248,296531,360832
2488,12,2,11,310,17699,10506,651,33219,27268,294001,365645
2488,13,2,12,310,18559,11360,651,36057,30111,287569,365748
2488,14,2,12,310,19483,12281,651,38654,33107,281052,365745
2488,15,2,11,310,20459,13256,651,41235,36067,274535,365744
2492,-1,10,43,335,226696,191306,4634,883980,523128,0,1603048
2492,1,0,1,0,3,0,0,0,1,66,67
2492,2,0,1,0,28,0,0,3,27,1150,1180
2492,3,0,2,0,57,0,1,37,77,1999,2114
2492,4,0,2,0,96,1,1,108,176,3312,3598
2492,5,0,6,0,369,7,4,554,872,14043,15480
2492,6,0,18,360,1638,402,80,2294,2980,46410,52166
2492,7,0,27,360,2411,518,92,4605,5555,72785,83555
2492,8,0,54,360,5744,2204,275,9620,10714,133532,156345
2492,9,1,9,360,7979,3519,372,14057,14699,163544,196191
2492,10,1,59,353,16441,9022,871,25437,23438,263645,322413
2492,11,2,23,353,20778,11871,1037,34431,31180,309014,387533
2492,12,2,22,350,21692,13129,1037,36735,31591,292579,375071
2492,13,2,49,350,28458,18404,1323,45646,39054,333094,437521
2492,14,3,4,350,32954,22186,1438,52962,44304,345263,466153
2492,15,4,7,350,49407,35248,2119,71868,58849,436918,605002
2493,-1,0,41,300,22809,20269,653,49414,15156,0,85492
2493,1,0,1,0,5,0,1,0,0,85,86
2493,2,0,12,335,745,41,24,94,519,48834,49512
2493,3,0,3,333,246,64,17,99,141,9383,9704
2493,4,0,6,330,753,284,91,356,379,15629,16739
2493,5,0,26,310,3819,1785,502,2306,1495,59667,65755
2493,6,0,45,310,7638,3996,869,6108,2814,103447,117234
2493,7,0,51,310,9016,5122,918,8270,3426,107558,125294
2493,8,0,50,310,10319,6389,922,9599,3984,105401,126295
2493,9,0,52,310,11607,7676,922,10626,4656,102414,126294
2493,10,0,53,310,12854,8923,922,11602,5420,99427,126294
2493,11,0,53,310,13929,9998,922,12648,6286,96440,126294
2493,12,0,51,310,14920,10989,922,13881,7049,93453,126294
2493,13,0,54,310,15773,11842,922,15369,7695,90466,126294
2493,14,0,54,310,16567,12636,922,17030,8227,87479,126294
2493,15,0,53,310,17314,13382,922,18769,8728,84492,126293
2494,-1,25,41,333,857513,767902,16393,1878323,932889,0,3595507
2494,1,0,1,0,3,0,0,0,1,60,61
2494,2,0,1,0,13,0,2,0,11,264,277
2494,3,0,2,400,109,19,4,14,129,3254,3420
2494,4,0,39,360,4060,1598,342,2131,2257,108451,114779
2494,5,0,41,335,5751,2962,416,2729,3340,110765,120212
2494,6,4,35,335,43935,25157,3065,24629,25642,711250,789743
2494,7,6,34,335,70088,43248,4443,43874,42704,986192,1120461
2494,8,6,48,335,77111,49972,4507,54237,49554,968609,1126879
2494,9,6,44,335,82729,55694,4504,64836,55103,940697,1120834
2494,10,6,49,335,87954,60919,4504,76319,60913,918179,1120834
2494,11,6,52,335,92881,65846,4504,87670,67153,895661,1120834
2494,12,6,56,335,97858,70822,4504,98275,74089,873143,1120833
2494,13,6,55,335,103084,76046,4504,108069,81587,850625,1120831
2494,14,7,2,335,108391,81352,4504,117312,89555,828107,1120830
2494,15,6,52,335,113677,86637,4504,126616,97481,805591,1120829
2495,-1,4,16,300,107796,91193,1442,272333,332648,0,697616
2495,1,0,1,0,5,0,0,0,1,150,151
2495,2,0,4,0,196,0,0,24,174,8306,8504
2495,3,0,23,330,1835,255,121,701,1841,66374,69292
2495,4,1,21,330,7632,1851,505,3994,9478,229246,245074
2495,5,3,15,310,18726,5049,1202,14091,29553,522210,572105
2495,6,0,43,300,4565,1654,198,5147,6554,115557,129110
2495,7,1,3,268,7509,3149,358,9019,11422,163445,187393
2495,8,1,17,268,9690,4436,469,12493,15991,189743,223132
2495,9,1,16,268,10717,5389,481,14378,18390,187128,225766
2495,10,1,18,268,11631,6302,481,15983,20692,182202,225660
2495,11,1,19,268,12720,7391,481,17478,22938,177372,225660
2495,12,1,19,268,13832,8506,481,18905,25193,172350,225435
2495,13,1,20,268,15004,9678,481,20262,27491,167523,225435
2495,14,1,19,268,16118,10787,481,21647,29861,162900,225676
2495,15,1,21,268,17215,11876,481,23249,32097,158511,226214
2496,-1,3,53,310,92247,76999,2385,412415,165195,0,656994
2496,1,0,1,0,3,0,0,0,1,66,67
2496,2,0,1,0,13,0,0,0,15,324,339
2496,3,0,1,0,21,0,0,18,27,456,501
2496,4,0,1,0,29,0,0,53,38,610,701
2496,5,0,11,375,1122,453,51,856,1107,27470,29937
2496,6,1,21,330,12107,6146,954,6252,11653,217341,242346
2496,7,1,53,310,17866,9861,1239,10583,18863,304950,345496
2496,8,2,0,310,18566,10663,1017,15948,20492,302650,350770
2496,9,1,56,310,20052,12149,1017,19575,22254,295775,350770
2496,10,1,59,310,21348,13445,1017,23387,24021,288900,350770
2496,11,1,55,310,22492,14588,1017,27355,25784,282025,350769
2496,12,2,0,310,23506,15602,1017,31394,27606,275150,350769
2496,13,2,1,310,24453,16549,1017,35282,29646,268275,350769
2496,14,2,2,310,25422,17517,1017,38825,32009,261400,350768
2496,15,2,2,310,26433,18527,1017,42049,34648,254526,350767
2498,-1,20,38,275,698426,614685,21661,1083385,1086142,0,2805873
2498,1,0,1,0,2,0,0,0,1,45,46
2498,2,0,1,0,8,0,0,0,10,208,218
2498,3,0,1,0,11,0,0,11,14,260,285
2498,4,0,1,0,16,0,0,31,21,368,420
2498,5,0,8,300,1042,450,109,308,1045,19650,21562
2498,6,1,25,300,11798,5518,1519,5369,11375,202731,226512
2498,7,1,42,300,15183,7692,1856,8107,16119,233793,267567
2498,8,1,46,300,17153,9605,1879,9436,18721,229815,269456
2498,9,1,47,300,19254,11679,1888,10729,21152,224992,270440
2498,10,1,47,300,21240,13665,1888,12020,23556,219311,270440
2498,11,1,49,300,23145,15570,1888,13457,25895,213630,270440
2498,12,1,48,300,24937,17362,1888,14952,28289,207949,270440
2498,13,1,50,300,26694,19118,1888,16293,30872,202268,270439
2498,14,1,50,300,28245,20668,1888,17805,33490,196587,270438
2498,15,1,51,300,29818,22241,1888,19450,35953,190906,270438
2499,-1,40,39,350,1413066,1279667,26504,3076104,1628662,0,6010937
2499,1,0,1,0,3,0,0,0,1,60,61
2499,2,0,2,0,11,0,0,1,12,278,291
2499,3,0,1,0,14,0,0,13,18,311,342
2499,4,0,9,413,749,241,106,311,516,18083,19257
2499,5,1,41,385,12879,5993,1689,4825,8226,234984,255717
2499,6,5,58,375,52220,28174,5551,22761,35887,841102,933475
2499,7,11,15,372,106146,61459,9456,63257,76989,1613002,1824163
2499,8,18,4,360,187797,117304,15280,119512,133937,2479990,2866023
2499,9,3,36,350,36070,21451,3037,32004,35603,520999,613094
2499,10,3,49,350,40851,25677,3154,38712,39993,531298,638834
2499,11,3,49,350,44170,28983,3154,44121,43286,519705,639249
2499,12,3,51,350,47580,32387,3154,49542,46416,507744,639243
2499,13,3,50,350,50635,35431,3154,55050,49827,495824,639286
2499,14,3,54,350,53805,38593,3154,60598,53071,483862,639278
2499,15,3,47,350,56497,41335,3143,65966,56341,471184,637969
